OrderID,Date,CustomerID,Quantity,UnitPrice,ShippingAddress,TrackingNumber,ItemsInCart,TotalPrice,AverageSpendPerCartItem,OrderMonth,OrderQuarter,OrderYear,WeekendOrder,Product_Desk,Product_Laptop,Product_Monitor,Product_Phone,Product_Printer,Product_Tablet,PaymentMethod_Credit Card,PaymentMethod_Debit Card,PaymentMethod_Gift Card,PaymentMethod_Online,OrderStatus_Delivered,OrderStatus_Pending,OrderStatus_Returned,OrderStatus_Shipped,CouponCode_No Coupon,CouponCode_SAVE10,CouponCode_WINTER15,ReferralSource_Facebook,ReferralSource_Google,ReferralSource_Instagram,ReferralSource_Referral
ORD200000,2023-01-04,C72649,1.4599927111375337,1.0868224981398293,928 Main St,TRK37947903,0.6641729724549916,2.1982218088297683,1.2974343365477103,1,1,2023,0,False,False,True,False,False,False,False,True,False,False,False,False,False,True,False,True,False,False,False,True,False
ORD200001,2024-08-23,C75739,-0.6722481651688036,-1.0404260837596455,823 Main St,TRK91186779,-1.0894190340268348,-0.9173544302403613,-0.6930012918185955,8,3,2024,0,False,False,False,True,False,False,False,False,False,True,False,False,False,True,False,True,False,False,False,False,True
ORD200002,2024-02-27,C81728,1.4599927111375337,0.9856529970472739,512 Main St,TRK42903982,1.1025709740754481,2.0764279917676247,0.8858894257311024,2,1,2024,0,False,False,False,False,False,True,True,False,False,False,False,False,False,False,False,False,False,False,False,False,False
ORD200003,2023-10-15,C33540,-1.3829951239375826,-0.4222469456895903,275 Main St,TRK62788070,-0.2126230307859216,-0.9534039341671805,-0.9932485115299677,10,4,2023,1,False,False,False,False,False,False,False,True,False,False,False,False,True,False,False,True,False,True,False,False,False
ORD200004,2025-05-08,C81840,0.7492457523687547,1.367854527503752,668 Main St,TRK29241424,1.1025709740754481,1.7718090727845128,0.6835915173310444,5,2,2025,0,False,False,False,False,True,False,False,False,False,True,True,False,False,False,False,True,False,False,False,False,False
ORD200005,2023-10-23,C37249,-0.6722481651688036,-0.5609110612793359,934 Main St,TRK72976927,-0.6510210324063782,-0.6864470350439075,-0.5500233347427764,10,4,2023,0,False,False,False,True,False,False,True,False,False,False,False,False,False,True,False,True,False,False,False,True,False
ORD200006,2025-06-17,C83492,-1.3829951239375826,1.562735196358568,986 Main St,TRK96417362,0.22577497083453502,-0.4754762004738749,-0.6291598708274104,6,2,2025,0,False,True,False,False,False,False,False,False,True,False,False,False,True,False,False,True,False,True,False,False,False
ORD200007,2023-05-12,C41460,1.4599927111375337,-1.0495587368171477,706 Main St,TRK78809193,1.5409689756959049,-0.37368002418713003,-0.8086340926311619,5,2,2023,0,False,False,True,False,False,False,False,False,False,False,False,False,False,True,False,False,False,True,False,False,False
ORD200008,2025-04-02,C26817,-0.6722481651688036,-1.127034076921627,904 Main St,TRK61042692,-1.5278170356472913,-0.959059955962544,-0.4763601566760246,4,2,2025,0,False,False,False,True,False,False,False,False,True,False,False,False,False,False,True,False,False,False,False,False,False
ORD200009,2023-11-21,C31946,0.7492457523687547,0.7761093463390234,102 Main St,TRK33478363,0.22577497083453502,1.2019068507601258,0.8561104640251157,11,4,2023,0,True,False,False,False,False,False,True,False,False,False,False,False,False,True,False,True,False,False,True,False,False
ORD200010,2023-12-29,C43443,1.4599927111375337,1.3676515796580297,333 Main St,TRK98859248,1.5409689756959049,2.536300433423032,0.9091638170390262,12,4,2023,0,False,False,False,False,False,True,True,False,False,False,False,False,True,False,False,False,True,False,False,True,False
ORD200011,2024-02-17,C93861,0.03849879359997556,-1.5590085665414932,831 Main St,TRK48234646,0.6641729724549916,-1.1070449409064569,-1.2111746959463021,2,1,2024,1,False,False,True,False,False,False,False,False,False,True,False,False,True,False,False,True,False,False,False,False,False
ORD200012,2024-10-15,C38785,-0.6722481651688036,-0.8925278411895362,179 Main St,TRK20419991,0.22577497083453502,-0.8461349765320064,-0.9573666474649121,10,4,2024,0,False,False,True,False,False,False,False,True,False,False,False,True,False,False,False,False,False,False,False,False,True
ORD200013,2023-08-30,C88348,0.03849879359997556,-0.7860309591467715,903 Main St,TRK81913874,-0.6510210324063782,-0.548711299098504,-0.36708229229726375,8,3,2023,0,False,True,False,False,False,False,True,False,False,False,False,False,True,False,False,False,False,True,False,False,False
ORD200014,2023-03-27,C98474,-0.6722481651688036,0.1873069089372679,980 Main St,TRK79186539,-1.0894190340268348,-0.3261474522524458,0.35398935890637506,3,1,2023,0,False,False,False,False,False,True,False,True,False,False,False,True,False,False,False,True,False,False,False,True,False
ORD200015,2023-07-17,C39416,-1.3829951239375826,0.5963990289519473,942 Main St,TRK54930938,-1.0894190340268348,-0.7081427039608952,-0.32250038504291473,7,3,2023,0,False,False,False,False,True,False,False,False,False,False,True,False,False,False,True,False,False,False,True,False,False
ORD200016,2023-01-24,C28976,-0.6722481651688036,0.9000597431139037,914 Main St,TRK13194259,-1.0894190340268348,0.017074120884765384,0.9618133386313268,1,1,2023,0,False,False,False,False,True,False,True,False,False,False,False,True,False,False,False,False,False,False,False,False,False
ORD200017,2024-03-02,C60672,-1.3829951239375826,0.3398729519589894,382 Main St,TRK11972116,-1.0894190340268348,-0.769906950607455,-0.4318810100959242,3,1,2024,1,False,False,False,False,False,True,False,True,False,False,False,False,False,True,True,False,False,False,False,False,True
ORD200018,2025-03-26,C84329,-1.3829951239375826,0.38066546894916714,891 Main St,TRK65191045,-1.0894190340268348,-0.7600852626517915,-0.41448741386518456,3,1,2025,0,True,False,False,False,False,False,False,False,True,False,False,True,False,False,False,True,False,True,False,False,False
ORD200019,2023-01-23,C14552,1.4599927111375337,-0.6718220589665602,273 Main St,TRK59101365,1.5409689756959049,0.0810616849541246,-0.5401943663918237,1,1,2023,0,False,False,True,False,False,False,False,False,False,False,False,False,True,False,False,True,False,False,True,False,False
ORD200020,2023-05-08,C54829,1.4599927111375337,-1.491173249108822,587 Main St,TRK16718651,1.5409689756959049,-0.9053216408916943,-1.122468797424607,5,2,2023,0,False,False,False,False,False,False,False,False,False,False,False,True,False,False,False,False,True,False,False,True,False
ORD200021,2024-11-17,C99023,0.7492457523687547,-0.06830590274993968,569 Main St,TRK52646983,0.22577497083453502,0.38866131520736275,0.13600692654203095,11,4,2024,1,False,False,True,False,False,False,False,False,False,False,True,False,False,False,True,False,False,False,True,False,False
ORD200022,2023-01-29,C34416,-0.6722481651688036,-1.5565731923928259,633 Main St,TRK75937350,-1.5278170356472913,-1.1659017724616634,-1.0258160734276736,1,1,2023,1,False,False,True,False,False,False,False,False,False,True,False,True,False,False,False,True,False,False,True,False,False
ORD200023,2025-04-09,C42372,0.7492457523687547,-0.4219425239210069,755 Main St,TRK36168083,-0.2126230307859216,0.048078404506001364,0.07088910980754543,4,2,2025,0,False,False,False,True,False,False,False,True,False,False,False,False,False,False,False,False,False,False,False,False,True
ORD200024,2024-10-30,C17470,-0.6722481651688036,-0.6365598707723147,956 Main St,TRK28775057,-1.0894190340268348,-0.7228752358943903,-0.3485907793890241,10,4,2024,0,False,True,False,False,False,False,False,False,False,True,True,False,False,False,False,False,True,False,False,False,True
ORD200025,2024-07-24,C42577,-1.3829951239375826,0.2210469882885966,709 Main St,TRK69423327,-1.0894190340268348,-0.7985168923887529,-0.4825474309571085,7,3,2024,0,False,False,True,False,False,False,False,True,False,False,True,False,False,False,False,False,True,False,False,False,False
ORD200026,2024-03-06,C21944,1.4599927111375337,-1.5061913896922705,296 Main St,TRK80276812,0.22577497083453502,-0.923401364989184,-1.0257836226884371,3,1,2024,0,False,True,False,False,False,False,False,False,False,True,True,False,False,False,True,False,False,False,False,False,True
ORD200027,2024-02-22,C97593,-1.3829951239375826,0.590209119657418,881 Main St,TRK89117573,0.22577497083453502,-0.7096330595959586,-0.8364984607221975,2,1,2024,0,False,False,False,False,True,False,False,False,False,True,False,False,False,True,False,False,True,False,True,False,False
ORD200028,2023-11-21,C59823,0.7492457523687547,-0.9961834533921891,568 Main St,TRK65895539,-0.2126230307859216,-0.5049656964004562,-0.5167548368775634,11,4,2023,0,False,False,False,True,False,False,False,False,False,True,False,True,False,False,True,False,False,False,False,False,False
ORD200029,2024-09-20,C33260,0.03849879359997556,0.3405325324575868,930 Main St,TRK59744090,0.22577497083453502,0.26502287764608295,0.026528949271311955,9,3,2024,0,True,False,False,False,False,False,True,False,False,False,True,False,False,False,False,True,False,False,False,False,True
ORD200030,2025-03-22,C44267,-0.6722481651688036,0.3566161492310773,895 Main St,TRK54751444,-0.2126230307859216,-0.2446176693966034,-0.24011877503463522,3,1,2025,1,False,False,True,False,False,False,False,False,False,True,False,True,False,False,False,True,False,False,False,False,True
ORD200031,2023-06-30,C26445,0.03849879359997556,0.7289239722085941,996 Main St,TRK31229981,0.22577497083453502,0.5455640019020646,0.2749393581263718,6,2,2023,0,False,False,False,False,False,False,False,True,False,False,False,False,True,False,True,False,False,True,False,False,False
ORD200032,2023-05-01,C12388,1.4599927111375337,0.9148241988901998,830 Main St,TRK99261395,1.9793669773163614,1.991160103794328,0.3938388666887415,5,2,2023,0,False,False,False,False,False,True,False,False,False,False,True,False,False,False,True,False,False,False,False,False,False
ORD200033,2023-06-05,C52184,-1.3829951239375826,-0.9824844738059353,912 Main St,TRK73312471,-0.6510210324063782,-1.088293335170209,-1.0837568683343632,6,2,2023,0,False,False,False,False,False,False,False,False,False,True,False,False,False,False,False,False,True,True,False,False,False
ORD200034,2023-01-07,C67195,0.7492457523687547,1.1167573053838649,926 Main St,TRK55467915,-0.2126230307859216,1.5299805469507914,1.6455028199258785,1,1,2023,1,False,False,False,False,False,False,True,False,False,False,False,True,False,False,False,False,True,True,False,False,False
ORD200035,2024-12-07,C50304,-0.6722481651688036,0.5516997659316158,128 Main St,TRK46850888,-1.5278170356472913,-0.1506764002684302,1.6710350615571208,12,4,2024,1,False,False,True,False,False,False,False,False,False,True,False,False,False,True,False,True,False,True,False,False,False
ORD200036,2025-05-08,C59337,-0.6722481651688036,0.9032054347225991,465 Main St,TRK50961250,-0.2126230307859216,0.018588908579419944,0.03955467600082486,5,2,2025,0,False,True,False,False,False,False,False,True,False,False,False,True,False,False,True,False,False,True,False,False,False
ORD200037,2024-10-14,C10054,-0.6722481651688036,-1.4189745529931221,409 Main St,TRK94005261,0.6641729724549916,-1.0996420268503224,-1.2055560822385045,10,4,2024,0,False,True,False,False,False,False,False,False,False,False,False,False,True,False,False,True,False,False,False,True,False
ORD200038,2024-12-19,C15924,-1.3829951239375826,-0.5607588503950443,549 Main St,TRK14835975,-1.0894190340268348,-0.9867536955091718,-0.8159030582201278,12,4,2024,0,False,True,False,False,False,False,False,True,False,False,True,False,False,False,False,True,False,False,True,False,False
ORD200039,2025-02-27,C96664,0.03849879359997556,-0.5071298821629326,666 Main St,TRK85508960,-0.6510210324063782,-0.3472567517392448,-0.09950972192307775,2,1,2025,0,False,False,False,False,True,False,True,False,False,False,True,False,False,False,False,True,False,False,False,False,True
ORD200040,2023-08-20,C84766,-0.6722481651688036,-0.06287704787686882,267 Main St,TRK78967923,-0.6510210324063782,-0.44662193809666484,-0.2314868783977384,8,3,2023,1,True,False,False,False,False,False,False,False,False,True,True,False,False,False,False,False,False,False,False,True,False
ORD200041,2023-12-05,C20212,0.03849879359997556,1.2939815116608435,657 Main St,TRK69733327,-0.6510210324063782,0.9537137734028961,1.6284434663092742,12,4,2023,0,False,False,True,False,False,False,False,False,True,False,False,True,False,False,False,False,False,False,False,True,False
ORD200042,2024-05-06,C28712,-0.6722481651688036,-1.0388532379552977,980 Main St,TRK40772558,0.22577497083453502,-0.9165970363930342,-1.0197586021035354,5,2,2024,0,False,False,False,False,True,False,False,False,False,False,False,False,False,False,True,False,False,False,False,True,False
ORD200043,2023-12-14,C60572,0.03849879359997556,0.7245098565641345,871 Main St,TRK20351666,1.1025709740754481,0.5423756181254128,-0.13287719454296187,12,4,2023,0,False,False,False,False,False,False,False,False,False,True,False,False,False,False,True,False,False,False,False,True,False
ORD200044,2025-04-21,C73225,-0.6722481651688036,0.9831161489757455,996 Main St,TRK73848522,-1.0894190340268348,0.05706940243556372,1.0326424854714285,4,2,2025,0,False,False,False,True,False,False,False,False,True,False,False,False,True,False,False,False,False,False,False,False,True
ORD200045,2024-02-10,C17388,-1.3829951239375826,-0.19869989362650245,157 Main St,TRK47077395,-1.966215037267748,-0.8995801068877617,0.7111421949427944,2,1,2024,1,False,False,False,False,False,False,False,True,False,False,False,False,True,False,False,True,False,True,False,False,False
ORD200046,2024-06-26,C43212,0.7492457523687547,0.9829132011300235,223 Main St,TRK25100762,-0.6510210324063782,1.4010770005476076,2.2226327270983757,6,2,2024,0,False,False,True,False,False,False,False,True,False,False,False,True,False,False,False,False,False,False,False,True,False
ORD200047,2023-07-19,C38134,-0.6722481651688036,-0.7431582267379405,323 Main St,TRK42450754,-1.0894190340268348,-0.7742069930955066,-0.43949611690341217,7,3,2023,0,True,False,False,False,False,False,True,False,False,False,False,False,True,False,False,False,False,False,False,False,False
ORD200048,2023-08-26,C12408,-0.6722481651688036,-1.398527557536603,464 Main St,TRK38938858,-0.6510210324063782,-1.089795906835068,-1.0857525887974053,8,3,2023,1,False,False,True,False,False,False,False,True,False,False,False,False,False,True,True,False,False,False,True,False,False
ORD200049,2023-10-07,C11985,-1.3829951239375826,-1.6538866844166575,633 Main St,TRK53272402,-1.966215037267748,-1.2499480574553996,-1.1502971091387133,10,4,2023,1,False,False,False,False,True,False,True,False,False,False,False,False,False,True,False,True,False,False,False,False,False
ORD200050,2023-07-31,C96494,-1.3829951239375826,-0.899022172252649,446 Main St,TRK14675049,0.22577497083453502,-1.068197966156445,-1.153996493411669,7,3,2023,0,False,False,False,False,False,True,False,False,False,True,False,False,False,False,False,False,False,False,False,True,False
ORD200051,2024-12-30,C36778,-1.3829951239375826,0.1619384282219833,434 Main St,TRK67610289,-1.5278170356472913,-0.8127485671006284,-0.08769765284100814,12,4,2024,0,False,False,False,False,False,True,False,False,False,False,False,False,True,False,False,True,False,True,False,False,False
ORD200052,2024-09-08,C30513,-1.3829951239375826,1.16708837112299,232 Main St,TRK64320429,-0.2126230307859216,-0.5707368008199729,-0.5866407488971918,9,3,2024,1,False,False,False,False,False,True,False,False,False,True,False,False,True,False,False,True,False,True,False,False,False
ORD200053,2024-05-18,C67551,0.7492457523687547,0.6715912057920508,512 Main St,TRK94992552,-0.2126230307859216,1.1012467652443718,1.1899463622288344,5,2,2024,1,False,False,False,True,False,False,False,False,False,True,False,False,True,False,False,False,False,False,True,False,False
ORD200054,2025-03-27,C48120,-1.3829951239375826,-0.3864266509196085,623 Main St,TRK11014449,-0.2126230307859216,-0.944779417131486,-0.984084422769593,3,1,2025,0,False,False,False,False,False,False,False,False,False,True,False,True,False,False,False,False,True,False,False,False,False
ORD200055,2025-06-24,C95984,0.03849879359997556,-0.06094904334250721,565 Main St,TRK67434829,-1.0894190340268348,-0.024973453671693752,0.8873497089967429,6,2,2025,0,False,False,False,False,True,False,False,False,False,True,False,False,False,False,True,False,False,True,False,False,False
ORD200056,2023-05-21,C54298,0.03849879359997556,0.6230359337029961,566 Main St,TRK62902341,-0.2126230307859216,0.4690794393518056,0.5182290403299192,5,2,2023,1,False,False,False,False,False,True,False,False,False,False,False,False,False,False,False,False,True,False,False,False,True
ORD200057,2023-01-22,C88036,1.4599927111375337,-0.21381950813281217,842 Main St,TRK52470128,0.22577497083453502,0.6324321897785846,0.35185842702984793,1,1,2023,1,False,False,False,False,True,False,False,False,False,False,False,False,True,False,False,True,False,False,False,True,False
ORD200058,2023-01-15,C60190,0.7492457523687547,0.600102827136379,202 Main St,TRK70857868,0.22577497083453502,1.0323972213163635,0.7060149781434344,1,1,2023,1,False,False,False,True,False,False,False,False,True,False,False,False,False,False,False,True,False,False,True,False,False
ORD200059,2024-09-11,C97603,0.7492457523687547,1.2017417157800683,811 Main St,TRK47055028,-0.2126230307859216,1.6118279465813197,1.7324708010795766,9,3,2024,0,False,False,False,False,False,False,False,False,False,True,False,False,False,True,True,False,False,True,False,False,False
ORD200060,2024-08-21,C39256,-1.3829951239375826,0.30790866625773106,634 Main St,TRK23412025,-1.0894190340268348,-0.7776030493786836,-0.44551032057523515,8,3,2024,0,True,False,False,False,False,False,False,True,False,False,False,False,True,False,False,False,False,False,False,False,True
ORD200061,2024-03-24,C61618,0.7492457523687547,-1.1883243263297547,104 Main St,TRK43458485,0.6641729724549916,-0.6900141157442231,-0.8946594570737061,3,1,2024,1,True,False,False,False,False,False,False,False,False,False,True,False,False,False,False,False,False,True,False,False,False
ORD200062,2023-08-22,C36497,-0.6722481651688036,-1.5894000064384042,691 Main St,TRK12102911,-1.0894190340268348,-1.1817093150171714,-1.161157289869847,8,3,2023,0,True,False,False,False,False,False,False,True,False,False,False,True,False,False,False,False,True,False,False,False,False
ORD200063,2025-02-02,C96695,-1.3829951239375826,1.0575980083558214,813 Main St,TRK64283851,0.22577497083453502,-0.5970989931188804,-0.7368530574401244,2,1,2025,1,False,False,False,False,False,False,False,True,False,False,False,False,False,True,False,False,True,False,False,False,True
ORD200064,2025-06-25,C49720,0.03849879359997556,-1.145654541766646,752 Main St,TRK55785217,-0.6510210324063782,-0.808472956672168,-0.712098551859249,6,2,2025,0,False,False,False,False,True,False,False,True,False,False,False,False,False,False,False,False,False,True,False,False,False
ORD200065,2023-12-30,C97735,1.4599927111375337,-1.3938090201235598,385 Main St,TRK13743703,0.22577497083453502,-0.7881088350029007,-0.9059863103405258,12,4,2023,1,False,False,True,False,False,False,True,False,False,False,True,False,False,False,True,False,False,False,False,True,False
ORD200066,2024-11-15,C18104,1.4599927111375337,-1.163057319537331,715 Main St,TRK15488568,1.5409689756959049,-0.5103163174509293,-0.8892922078222162,11,4,2024,0,False,False,False,False,False,False,False,False,False,False,False,False,False,False,False,True,False,False,False,False,True
ORD200067,2024-12-09,C25587,0.7492457523687547,-1.7469382716803212,440 Main St,TRK55105323,1.1025709740754481,-1.2280080679424998,-1.3085918151341387,12,4,2024,0,False,False,False,False,True,False,False,True,False,False,False,False,False,False,True,False,False,False,True,False,False
ORD200068,2023-12-11,C41598,0.03849879359997556,0.6824489155381929,709 Main St,TRK81665940,-0.2126230307859216,0.5119943520237524,0.5638288191049853,12,4,2023,0,False,False,False,False,False,False,True,False,False,False,False,True,False,False,False,False,False,False,False,False,False
ORD200069,2023-05-11,C43338,0.03849879359997556,0.6201946638628842,552 Main St,TRK35241775,-0.6510210324063782,0.46702714634614456,0.9820247407190991,5,2,2023,0,False,False,True,False,False,False,False,False,False,True,False,False,False,True,True,False,False,False,False,False,True
ORD200070,2023-05-26,C25123,-1.3829951239375826,1.3840903551615342,384 Main St,TRK27812282,-1.5278170356472913,-0.5184888413841866,0.69397575388671,5,2,2023,0,True,False,False,False,False,False,False,False,True,False,False,True,False,False,False,False,False,False,False,True,False
ORD200071,2025-06-10,C37454,0.03849879359997556,0.39593729433976843,923 Main St,TRK28252730,-0.6510210324063782,0.3050425912564725,0.766876339581405,6,2,2025,0,False,False,True,False,False,False,True,False,False,False,False,True,False,False,True,False,False,False,False,False,True
ORD200072,2024-12-22,C19451,0.7492457523687547,1.1823094595521608,942 Main St,TRK87787793,-0.2126230307859216,1.5931129889344589,1.7125849880754775,12,4,2024,1,False,False,False,False,False,True,False,False,True,False,False,False,True,False,True,False,False,True,False,False,False
ORD200073,2023-05-03,C17269,0.7492457523687547,0.3908635981967115,129 Main St,TRK79608389,-0.6510210324063782,0.8308815938081261,1.4652973747979987,5,2,2023,0,False,False,True,False,False,False,False,False,True,False,False,False,False,False,True,False,False,True,False,False,False
ORD200074,2023-06-24,C25382,1.4599927111375337,-1.3472832264917278,622 Main St,TRK64691287,-0.2126230307859216,-0.7320983383900692,-0.7580974747269232,6,2,2023,1,False,False,False,True,False,False,False,False,False,False,False,True,False,False,True,False,False,False,False,True,False
ORD200075,2023-09-26,C80651,0.03849879359997556,0.21186359826966356,917 Main St,TRK14846720,-0.2126230307859216,0.17208332296114912,0.20265209140324555,9,3,2023,0,False,False,False,False,False,True,False,True,False,False,True,False,False,False,False,True,False,False,False,False,False
ORD200076,2024-03-31,C58638,0.7492457523687547,0.13428678424232315,239 Main St,TRK38224871,0.22577497083453502,0.5837757431027051,0.3087746622369152,3,1,2024,1,False,True,False,False,False,False,False,False,False,False,False,False,False,False,False,False,True,False,False,False,False
ORD200077,2024-05-24,C50121,-1.3829951239375826,1.1505481216966238,348 Main St,TRK79810059,-0.2126230307859216,-0.5747192265333391,-0.5908723252936255,5,2,2024,0,False,False,False,True,False,False,True,False,False,False,False,False,True,False,True,False,False,False,True,False,False
ORD200078,2024-08-06,C32029,0.7492457523687547,-0.9186066393648487,146 Main St,TRK68535532,-0.6510210324063782,-0.4302524581705591,-0.2097448831093137,8,3,2024,0,False,False,False,False,True,False,False,True,False,False,True,False,False,False,False,False,False,False,False,True,False
ORD200079,2025-03-10,C76700,-0.6722481651688036,-0.2257934310304263,103 Main St,TRK13036341,-1.5278170356472913,-0.5250732814440157,0.6764848054382611,3,1,2025,0,False,False,False,False,False,True,False,False,False,True,False,False,False,True,True,False,False,True,False,False,False
ORD200080,2023-06-27,C29041,0.03849879359997556,1.182918303089327,591 Main St,TRK28840655,0.22577497083453502,0.8734911057351833,0.5653085728141677,6,2,2023,0,False,False,False,True,False,False,False,False,False,True,False,False,True,False,True,False,False,True,False,False,False
ORD200081,2023-06-08,C29314,-0.6722481651688036,0.19222839419603324,496 Main St,TRK59876213,0.22577497083453502,-0.3237775424720991,-0.49483544421464604,6,2,2023,0,False,False,True,False,False,False,False,False,False,False,False,False,False,True,False,False,False,False,False,False,False
ORD200082,2024-01-05,C65799,0.7492457523687547,1.059323065044461,971 Main St,TRK66906607,1.5409689756959049,1.4746663640363096,0.28246792962922945,1,1,2024,0,False,False,False,False,False,True,False,True,False,False,False,False,False,True,False,True,False,False,True,False,False
ORD200083,2023-08-22,C15681,0.7492457523687547,0.9335461376580795,989 Main St,TRK75112172,0.22577497083453502,1.3535322125831277,0.9903699891594071,8,3,2023,0,False,True,False,False,False,False,True,False,False,False,False,False,False,False,True,False,False,False,False,False,True
ORD200084,2023-08-28,C64160,-0.6722481651688036,-0.9686840202968205,967 Main St,TRK34121529,-0.6510210324063782,-0.8828074979784012,-0.810829925986162,8,3,2023,0,False,False,True,False,False,False,False,False,False,True,False,False,False,True,False,False,True,False,False,True,False
ORD200085,2024-09-09,C14553,0.03849879359997556,-1.0638665599405683,768 Main St,TRK93538334,1.1025709740754481,-0.7493962365806407,-0.9907449369978755,9,3,2024,0,False,False,False,False,False,True,False,False,False,False,True,False,False,False,False,False,False,False,False,False,False
ORD200086,2024-06-19,C88205,1.4599927111375337,1.4542088358585805,447 Main St,TRK93504166,-0.2126230307859216,2.64050316757951,2.825502560633229,6,2,2024,0,False,False,False,False,True,False,False,False,False,True,False,False,False,False,False,False,False,False,False,False,True
ORD200087,2024-10-10,C91245,0.03849879359997556,-0.666190256247767,915 Main St,TRK46976391,-0.6510210324063782,-0.46214851196687384,-0.2521093231825052,10,4,2024,0,False,False,False,False,False,True,False,False,False,False,False,False,False,True,False,True,False,True,False,False,False
ORD200088,2025-06-05,C75439,0.03849879359997556,-1.2258189408269453,318 Main St,TRK19831653,0.6641729724549916,-0.8663769379033175,-1.0285141206041901,6,2,2025,0,True,False,False,False,False,False,False,False,True,False,False,False,False,False,True,False,False,False,True,False,False
ORD200089,2025-02-25,C17181,1.4599927111375337,0.5018760698067969,291 Main St,TRK78912978,1.1025709740754481,1.4940287712623375,0.49911717745660933,2,1,2025,0,False,False,False,False,True,False,True,False,False,False,False,False,False,False,False,False,False,False,True,False,False
ORD200090,2023-09-18,C36540,0.7492457523687547,-0.8845114012835061,611 Main St,TRK35828122,-0.6510210324063782,-0.39741577007998313,-0.16613108957551873,9,3,2023,0,False,False,False,False,False,False,False,False,True,False,True,False,False,False,False,True,False,False,False,False,False
ORD200091,2023-03-15,C98216,1.4599927111375337,0.6917337794799869,196 Main St,TRK40986666,0.22577497083453502,1.7225906887380358,1.3171597501835837,3,1,2023,0,False,True,False,False,False,False,False,False,False,False,False,False,False,True,False,False,True,False,False,False,True
ORD200092,2024-06-10,C29568,0.7492457523687547,-1.5616976254973132,203 Main St,TRK46531075,0.6641729724549916,-1.0496051688075398,-1.167579445692071,6,2,2024,0,False,False,False,False,True,False,False,False,False,True,False,False,False,True,False,False,False,True,False,False,False
ORD200093,2023-01-14,C97262,0.7492457523687547,0.37848377960765267,837 Main St,TRK65990229,0.6641729724549916,0.8189587487276194,0.25061057533881265,1,1,2023,1,True,False,False,False,False,False,True,False,False,False,False,False,True,False,True,False,False,False,False,False,True
ORD200094,2023-02-11,C79821,-1.3829951239375826,0.886715922257664,781 Main St,TRK12780193,0.22577497083453502,-0.6382425814704653,-0.7732844206895841,2,1,2023,1,False,False,False,False,False,False,False,False,True,False,False,False,True,False,False,False,True,False,False,True,False
ORD200095,2023-03-24,C76761,0.7492457523687547,-1.2121199612406917,839 Main St,TRK60179774,0.6641729724549916,-0.712931387640771,-0.9120530533044457,3,1,2023,0,False,False,False,False,True,False,False,True,False,False,False,False,True,False,True,False,False,False,False,False,True
ORD200096,2024-06-01,C93007,-0.6722481651688036,-0.6270213220233676,103 Main St,TRK85696091,0.6641729724549916,-0.7182820086912441,-0.9161140315288933,6,2,2024,1,False,False,False,True,False,False,False,False,True,False,True,False,False,False,True,False,False,False,False,True,False
ORD200097,2025-01-21,C15624,1.4599927111375337,1.3349262395353125,922 Main St,TRK40621141,1.5409689756959049,2.4969037373322176,0.8859074539195668,1,1,2025,0,False,False,False,False,False,True,False,True,False,False,False,True,False,False,True,False,False,False,False,False,False
ORD200098,2023-01-14,C70921,-0.6722481651688036,-0.6487874784770818,533 Main St,TRK54983109,-1.0894190340268348,-0.7287633622558701,-0.35901828359700494,1,1,2023,1,False,False,False,False,True,False,False,True,False,False,False,True,False,False,True,False,False,False,False,False,False
ORD200099,2025-04-12,C30477,-1.3829951239375826,-0.7855743264938962,717 Main St,TRK51829648,-1.5278170356472913,-1.0408829235334807,-0.6937152080817973,4,2,2025,1,False,False,False,False,True,False,False,True,False,False,False,False,False,False,False,False,True,False,False,False,False
ORD200100,2023-02-17,C74866,0.03849879359997556,1.564612463931499,743 Main St,TRK53783265,0.22577497083453502,1.1491946821921064,0.8094354840900152,2,1,2023,0,False,False,False,True,False,False,False,False,False,True,True,False,False,False,True,False,False,True,False,False,False
ORD200101,2023-11-25,C15283,-1.3829951239375826,0.1248497094162372,152 Main St,TRK19286291,0.22577497083453502,-0.8216784848812129,-0.935711187481118,11,4,2023,1,False,False,False,False,True,False,False,False,False,False,False,False,False,True,True,False,False,False,True,False,False
ORD200102,2023-03-08,C18037,-0.6722481651688036,-1.4514462083086865,944 Main St,TRK47362236,-1.0894190340268348,-1.115278544988692,-1.0435125432246202,3,1,2023,0,False,True,False,False,False,False,False,False,True,False,False,False,False,False,False,False,False,False,False,False,False
ORD200103,2025-01-25,C62656,0.7492457523687547,-0.7000825464833872,514 Main St,TRK86296459,1.5409689756959049,-0.2197946968519417,-0.7177936565952467,1,1,2025,1,False,False,False,True,False,False,True,False,False,False,False,False,False,False,False,True,False,False,False,False,False
ORD200104,2024-07-30,C65744,-1.3829951239375826,1.1447641080935391,647 Main St,TRK39906058,-1.966215037267748,-0.5761118539300375,2.429668443426956,7,3,2024,0,False,False,False,True,False,False,False,False,True,False,True,False,False,False,False,False,False,False,False,False,False
ORD200105,2024-10-24,C72290,0.03849879359997556,-0.8676667300885572,810 Main St,TRK68792129,0.6641729724549916,-0.607678074921871,-0.8321686049440763,10,4,2024,0,False,False,False,False,True,False,False,False,True,False,False,False,False,False,True,False,False,True,False,False,False
ORD200106,2023-09-08,C73514,0.03849879359997556,0.5511923963173103,126 Main St,TRK96777924,-1.0894190340268348,0.4171857447800917,1.6703860467723919,9,3,2023,0,True,False,False,False,False,False,True,False,False,False,False,False,False,False,False,True,False,False,False,False,False
ORD200107,2023-03-27,C16775,1.4599927111375337,1.5948516929441185,848 Main St,TRK34392124,1.1025709740754481,2.7813020729961604,1.3539974237305663,3,1,2023,0,False,False,False,False,True,False,False,False,True,False,False,False,False,True,False,False,False,False,False,True,False
ORD200108,2024-12-28,C33099,1.4599927111375337,-1.5628645756102164,522 Main St,TRK28522330,1.5409689756959049,-0.9916278913976168,-1.1734164580258406,12,4,2024,1,False,True,False,False,False,False,False,False,True,False,True,False,False,False,False,False,True,False,False,False,False
ORD200109,2023-09-17,C51157,0.03849879359997556,1.1997122373228457,131 Main St,TRK18674578,-1.0894190340268348,0.8856216233222151,2.4999567446131166,9,3,2023,1,True,False,False,False,False,False,False,False,True,False,False,False,False,True,False,False,False,False,False,False,True
ORD200110,2024-04-21,C74562,-1.3829951239375826,-0.688210097508634,388 Main St,TRK32062079,-0.2126230307859216,-1.017440362355722,-1.0612912215609658,4,2,2024,1,False,False,False,False,False,True,False,False,True,False,False,True,False,False,False,False,False,False,False,True,False
ORD200111,2025-05-07,C95271,0.03849879359997556,-0.23944167365524938,620 Main St,TRK74904969,0.6641729724549916,-0.15390143213446877,-0.4877642736076928,5,2,2025,0,True,False,False,False,False,False,False,False,False,True,False,False,False,False,False,False,False,False,True,False,False
ORD200112,2023-01-01,C81366,-1.3829951239375826,0.2749296413278611,423 Main St,TRK17062206,-1.5278170356472913,-0.7855434687458245,-0.015429856561423656,1,1,2023,1,False,False,True,False,False,False,False,False,False,True,False,False,False,False,False,False,True,False,False,False,True
ORD200113,2024-01-17,C65905,1.4599927111375337,-0.8439218321390508,605 Main St,TRK73954365,1.5409689756959049,-0.12612218037927161,-0.662497596936328,1,1,2024,0,False,True,False,False,False,False,False,False,False,False,False,False,False,True,False,False,False,False,False,True,False
ORD200114,2025-01-27,C77272,1.4599927111375337,0.7208060583797031,115 Main St,TRK29708128,1.1025709740754481,1.7575896141024332,0.6741483522132362,1,1,2025,0,False,False,True,False,False,False,False,False,False,True,False,True,False,False,False,True,False,False,True,False,False
ORD200115,2023-11-27,C32580,1.4599927111375337,0.09425532167360412,122 Main St,TRK23670394,1.5409689756959049,1.0033108543730371,0.004220868865096023,11,4,2023,0,False,False,False,True,False,False,False,False,False,True,False,False,False,True,False,True,False,True,False,False,False
ORD200116,2023-03-19,C47761,0.7492457523687547,-0.33010862373167654,109 Main St,TRK66669207,0.22577497083453502,0.13652246022615416,-0.08725415940477643,3,1,2023,1,False,False,False,False,True,False,True,False,False,False,False,False,False,False,False,False,True,True,False,False,False
ORD200117,2023-03-08,C49187,-1.3829951239375826,0.9086342895956702,593 Main St,TRK81888598,-0.2126230307859216,-0.6329652565987655,-0.6527623751653917,3,1,2023,0,False,False,False,False,False,True,False,False,True,False,False,False,False,False,False,False,True,False,False,False,True
ORD200118,2023-10-09,C27898,1.4599927111375337,0.7422677930648337,807 Main St,TRK61957665,0.6641729724549916,1.78342651712013,0.9826158077551919,10,4,2023,0,False,False,False,False,True,False,False,False,True,False,False,False,False,True,False,False,False,False,True,False,False
ORD200119,2025-06-11,C14683,-0.6722481651688036,0.9044231217969327,187 Main St,TRK47373682,0.6641729724549916,0.019175278009608825,-0.3564036811785248,6,2,2025,0,True,False,False,False,False,False,False,True,False,False,False,False,False,True,False,False,False,False,False,False,True
ORD200120,2023-04-11,C58108,0.7492457523687547,1.3847499356601316,986 Main St,TRK66218053,-0.6510210324063782,1.788080824472254,2.7366524366038165,4,2,2023,0,False,False,False,False,False,True,False,False,False,False,False,False,False,False,False,False,True,False,False,True,False
ORD200121,2023-11-30,C89822,-1.3829951239375826,0.2758429066336111,673 Main St,TRK24138598,-1.966215037267748,-0.7853235802095037,1.3181657230999135,11,4,2023,0,True,False,False,False,False,False,False,False,False,False,False,False,False,False,False,False,False,False,False,True,False
ORD200122,2024-04-15,C96787,-0.6722481651688036,0.896051523160889,588 Main St,TRK30422853,-1.5278170356472913,0.015143988177060483,2.1115213959527552,4,2,2024,0,False,True,False,False,False,False,False,False,True,False,False,False,False,True,True,False,False,True,False,False,False
ORD200123,2023-07-06,C86064,0.03849879359997556,-0.39763951939576414,727 Main St,TRK62182901,-0.2126230307859216,-0.2681701748425223,-0.265144785133789,7,3,2023,0,True,False,False,False,False,False,False,False,False,True,True,False,False,False,True,False,False,False,False,True,False
ORD200124,2024-07-28,C97148,0.7492457523687547,-0.36846576657318686,563 Main St,TRK85321126,1.1025709740754481,0.09958118612425612,-0.4269376808189042,7,3,2024,1,False,False,False,False,True,False,False,False,False,True,False,True,False,False,True,False,False,False,True,False,False
ORD200125,2024-11-06,C91099,-0.6722481651688036,0.7927003327268195,758 Main St,TRK81846174,-0.2126230307859216,-0.03462411721021881,-0.016987492044773535,11,4,2024,0,False,False,False,True,False,False,True,False,False,False,False,False,False,True,False,True,False,False,False,False,False
ORD200126,2025-05-03,C55606,0.7492457523687547,-0.41052670759912885,353 Main St,TRK68250319,1.1025709740754481,0.05907283132204244,-0.45383934364592515,5,2,2025,1,True,False,False,False,False,False,False,False,True,False,False,False,False,True,False,False,False,False,True,False,False
ORD200127,2023-08-10,C71486,0.03849879359997556,0.5728570788481633,365 Main St,TRK73929833,-1.0894190340268348,0.4328344789482568,1.698098978080324,8,3,2023,0,True,False,False,False,False,False,False,True,False,False,False,False,False,True,True,False,False,False,True,False,False
ORD200128,2023-02-17,C86408,0.7492457523687547,-1.7014272172771008,244 Main St,TRK41432648,-0.6510210324063782,-1.1841769530358828,-1.2111097944678293,2,1,2023,0,False,False,False,False,False,True,False,False,True,False,True,False,False,False,False,False,False,False,True,False,False
ORD200129,2023-10-27,C52751,0.7492457523687547,-0.46922937197429737,427 Main St,TRK72481234,-0.6510210324063782,0.002537045428000124,0.36508751172524273,10,4,2023,0,False,True,False,False,False,False,False,True,False,False,False,False,False,True,False,False,False,True,False,False,False
ORD200130,2025-01-22,C29059,0.03849879359997556,0.7351138815031236,513 Main St,TRK88360704,-1.0894190340268348,0.5500350688072547,1.9056539062366875,1,1,2025,0,True,False,False,False,False,False,False,False,False,True,False,False,False,False,False,False,True,True,False,False,False
ORD200131,2023-01-08,C72862,-1.3829951239375826,-1.3780805620800833,606 Main St,TRK51648833,-0.2126230307859216,-1.1835417194865117,-1.2377843021201949,1,1,2023,1,False,False,False,False,False,True,False,False,True,False,False,True,False,False,True,False,False,False,False,True,False
ORD200132,2023-03-28,C96257,0.7492457523687547,0.4786385414715963,583 Main St,TRK13137948,0.22577497083453502,0.9154165199936865,0.6024322185006715,3,1,2023,0,False,False,False,False,False,True,True,False,False,False,False,False,False,True,False,False,True,False,False,False,False
ORD200133,2025-06-20,C87432,0.7492457523687547,-0.27582007500096756,636 Main St,TRK68969625,0.22577497083453502,0.18880706775132722,-0.04095777142743462,6,2,2025,0,False,False,False,False,False,False,False,True,False,False,False,False,False,False,False,True,False,False,True,False,False
ORD200134,2025-06-23,C16253,-0.6722481651688036,-0.7951128752428434,583 Main St,TRK17354894,-0.6510210324063782,-0.7992254221168978,-0.6998159470582509,6,2,2025,0,False,True,False,False,False,False,False,False,False,False,False,True,False,False,True,False,False,False,False,False,False
ORD200135,2023-08-04,C79909,-0.6722481651688036,-1.4592089634075636,642 Main St,TRK86742257,-0.2126230307859216,-1.119016650106146,-1.1692223802614137,8,3,2023,0,False,False,False,False,True,False,False,False,True,False,False,False,False,True,False,True,False,False,False,False,True
ORD200136,2024-04-27,C73370,-1.3829951239375826,-1.5833115710667356,595 Main St,TRK67820278,-1.966215037267748,-1.2329555600097184,-1.0600191525828968,4,2,2024,1,False,True,False,False,False,False,False,False,True,False,False,False,False,False,False,True,False,False,False,True,False
ORD200137,2024-11-26,C50682,-0.6722481651688036,-0.5349337370268845,598 Main St,TRK12242337,-0.2126230307859216,-0.6739378205332118,-0.6962982869250192,11,4,2024,0,False,False,True,False,False,False,True,False,False,False,True,False,False,False,True,False,False,False,True,False,False
ORD200138,2023-12-21,C21905,-1.3829951239375826,-0.29606412261176474,478 Main St,TRK31863841,-1.0894190340268348,-0.9230226680655205,-0.7030393871557387,12,4,2023,0,False,False,False,False,False,True,False,True,False,False,False,True,False,False,False,False,True,False,True,False,False
ORD200139,2023-04-10,C61440,-1.3829951239375826,1.154201182919625,714 Main St,TRK33114521,-1.966215037267748,-0.5738396723880557,2.441740118422917,4,2,2023,0,False,False,False,True,False,False,False,False,False,False,False,False,True,False,True,False,False,False,False,False,False
ORD200140,2025-05-31,C33110,0.03849879359997556,0.8712918859827712,388 Main St,TRK38624225,-1.0894190340268348,0.6483985407214355,2.0798494744579754,5,2,2025,1,False,False,False,False,False,False,False,False,False,True,True,False,False,False,False,False,False,False,False,False,False
ORD200141,2023-11-18,C80004,0.03849879359997556,1.6627884842996505,151 Main St,TRK66230753,-1.0894190340268348,1.2201087351555717,3.0923125386353587,11,4,2023,1,False,False,False,False,True,False,False,False,False,False,False,False,False,False,False,False,True,False,False,True,False
ORD200142,2023-09-06,C86374,1.4599927111375337,-0.42437789806967435,573 Main St,TRK79451491,0.6641729724549916,0.37894957151985975,-0.08334461796343241,9,3,2023,0,True,False,False,False,False,False,False,False,False,False,False,True,False,False,False,False,True,False,False,False,False
ORD200143,2024-06-13,C66521,0.7492457523687547,0.22150362094147158,933 Main St,TRK34654244,-0.2126230307859216,0.6677731639772589,0.7293535498022926,6,2,2024,0,False,False,False,False,False,False,False,False,False,True,False,False,False,True,True,False,False,False,False,False,True
ORD200144,2023-08-04,C63365,1.4599927111375337,-0.6932330566902604,895 Main St,TRK80100887,1.1025709740754481,0.05528586208540618,-0.45635427593675026,8,3,2023,0,True,False,False,False,False,False,True,False,False,False,False,True,False,False,True,False,False,True,False,False,False
ORD200145,2024-03-02,C85929,0.03849879359997556,-1.0629532946348181,798 Main St,TRK29318610,0.22577497083453502,-0.748736570971678,-0.8711233994874947,3,1,2024,1,False,False,False,False,True,False,True,False,False,False,True,False,False,False,False,False,False,False,True,False,False
ORD200146,2025-04-30,C84645,-0.6722481651688036,0.2794452308951817,404 Main St,TRK68893369,-0.6510210324063782,-0.2817788320348222,-0.012541740769379242,4,2,2025,0,False,False,False,False,False,True,True,False,False,False,False,False,True,False,True,False,False,False,False,True,False
ORD200147,2025-05-06,C46316,-0.6722481651688036,0.5518519768159077,893 Main St,TRK16196000,-1.5278170356472913,-0.15060310408965652,1.6712297659925397,5,2,2025,0,False,True,False,False,False,False,True,False,False,False,False,False,False,False,False,True,False,False,True,False,False
ORD200148,2024-12-15,C35100,-0.6722481651688036,-0.18520386188597093,139 Main St,TRK56853491,-1.0894190340268348,-0.5055276337710537,0.036318255607642555,12,4,2024,1,False,False,False,True,False,False,True,False,False,False,False,False,False,False,False,False,True,False,True,False,False
ORD200149,2023-12-27,C39671,-1.3829951239375826,-0.7044966621278468,174 Main St,TRK47153818,-1.0894190340268348,-1.02136170792011,-0.8771916877247117,12,4,2023,0,False,True,False,False,False,False,False,True,False,False,True,False,False,False,True,False,False,True,False,False,False
ORD200150,2023-12-13,C25503,-0.6722481651688036,-1.2726998931887912,981 Main St,TRK29878837,-0.2126230307859216,-1.029204399048886,-1.073791246314848,12,4,2023,0,False,False,False,True,False,False,False,True,False,False,False,False,True,False,False,False,True,False,True,False,False
ORD200151,2023-12-01,C32960,1.4599927111375337,0.4482471015746853,947 Main St,TRK91226500,0.6641729724549916,1.429467053792585,0.7139700450762569,12,4,2023,0,False,False,False,False,True,False,False,True,False,False,False,False,True,False,True,False,False,False,False,False,False
ORD200152,2025-01-02,C77736,-0.6722481651688036,0.2162777139141231,659 Main St,TRK90329250,-1.0894190340268348,-0.3121967462258691,0.3786951883783962,1,1,2025,0,False,False,False,False,False,False,False,False,False,False,False,False,False,False,False,False,False,False,False,False,True
ORD200153,2024-12-18,C71570,0.7492457523687547,0.9034591195297522,437 Main St,TRK95992269,1.5409689756959049,1.3245557899079619,0.19385577768755077,12,4,2024,0,False,False,False,False,False,False,False,False,False,True,False,False,True,False,False,False,True,False,False,True,False
ORD200154,2023-07-20,C73587,0.7492457523687547,0.26280350754595483,727 Main St,TRK13955543,1.5409689756959049,0.7075485569917364,-0.17037131950241566,7,3,2023,0,False,False,False,True,False,False,True,False,False,False,False,True,False,False,True,False,False,False,False,True,False
ORD200155,2023-02-27,C62740,-1.3829951239375826,0.34494664810204634,446 Main St,TRK20706408,0.22577497083453502,-0.7686853476278949,-0.8887874185452046,2,1,2023,0,False,False,False,True,False,False,False,False,False,True,False,False,False,True,False,False,True,False,False,False,True
ORD200156,2024-11-08,C58808,-0.6722481651688036,-0.4392945647302617,651 Main St,TRK24451893,-0.6510210324063782,-0.6278833882037954,-0.47223891279299496,11,4,2024,0,False,False,False,False,False,False,False,False,False,True,True,False,False,False,False,True,False,False,False,False,False
ORD200157,2025-02-21,C50422,-0.6722481651688036,1.0561773734357656,636 Main St,TRK71227815,-0.6510210324063782,0.0922515682468954,0.48424662620150405,2,1,2025,0,False,False,True,False,False,False,False,False,False,True,False,False,True,False,False,False,True,True,False,False,False
ORD200158,2024-05-16,C23334,-1.3829951239375826,-0.1286321498908864,737 Main St,TRK46335144,-0.2126230307859216,-0.8827097697400365,-0.9181315403454228,5,2,2024,0,False,False,False,False,False,True,True,False,False,False,False,True,False,False,False,False,True,False,False,True,False
ORD200159,2023-10-31,C48965,-1.3829951239375826,-0.2895190545872212,819 Main St,TRK50921780,-0.2126230307859216,-0.9214468002218877,-0.9592920579929417,10,4,2023,0,False,False,False,False,True,False,True,False,False,False,False,False,False,False,False,False,True,False,False,False,False
ORD200160,2023-02-17,C38669,0.7492457523687547,-1.2942631017967832,240 Main St,TRK81738254,0.6641729724549916,-0.7920423965970843,-0.9720961925316686,2,1,2023,0,False,False,True,False,False,False,False,False,False,False,False,True,False,False,True,False,False,False,False,False,True
ORD200161,2024-03-29,C35091,-1.3829951239375826,-0.7370697913662723,513 Main St,TRK53784452,-1.966215037267748,-1.029204399048886,0.022472606866755132,3,1,2024,0,False,False,True,False,False,False,True,False,False,False,False,False,False,False,False,True,False,True,False,False,False
ORD200162,2023-07-27,C82313,0.03849879359997556,-1.4741763670295813,917 Main St,TRK79854624,1.1025709740754481,-1.0457693354517212,-1.1875667831517815,7,3,2023,0,False,False,False,False,False,False,False,False,False,True,False,True,False,False,False,False,True,False,True,False,False
ORD200163,2025-06-24,C99589,-1.3829951239375826,1.4458879741839674,277 Main St,TRK16695001,-1.966215037267748,-0.5036097170931444,2.8148587181636717,6,2,2025,0,False,False,False,False,False,True,False,False,False,True,False,False,False,False,True,False,False,False,False,False,True
ORD200164,2023-12-28,C70566,1.4599927111375337,0.9141138814301719,667 Main St,TRK49673411,-0.2126230307859216,1.990304981708636,2.1346263222891113,12,4,2023,0,True,False,False,False,False,False,False,False,True,False,False,True,False,False,False,True,False,False,True,False,False
ORD200165,2024-09-14,C60355,-0.6722481651688036,0.7299894483986362,226 Main St,TRK30155194,0.6641729724549916,-0.06482214286494486,-0.42015547631848527,9,3,2024,1,False,False,True,False,False,False,False,False,False,True,False,False,True,False,False,False,True,False,True,False,False
ORD200166,2025-03-04,C28889,0.03849879359997556,-1.3705207548269285,565 Main St,TRK23791726,0.22577497083453502,-0.9708972888344815,-1.0678397807388822,3,1,2025,0,False,False,False,False,False,False,False,False,False,False,True,False,False,False,False,False,True,False,False,True,False
ORD200167,2023-05-27,C88304,-0.6722481651688036,0.14067964138257483,219 Main St,TRK44268941,-1.5278170356472913,-0.3486005150167608,1.1452681844480836,5,2,2023,1,False,False,False,False,False,False,False,False,False,True,False,False,True,False,False,False,True,False,False,False,False
ORD200168,2025-01-04,C49517,-1.3829951239375826,1.2103162622618349,878 Main St,TRK78551375,0.22577497083453502,-0.5603287434341208,-0.7042941490728816,1,1,2025,1,False,False,False,False,True,False,False,False,False,False,False,False,True,False,True,False,False,True,False,False,False
ORD200169,2024-04-07,C35785,-1.3829951239375826,0.36229868891130107,732 Main St,TRK78923089,-1.5278170356472913,-0.7645074654377992,0.04045031640375104,4,2,2024,1,False,False,False,False,True,False,False,False,False,True,True,False,False,False,False,False,True,False,False,False,False
ORD200170,2025-04-04,C80223,0.7492457523687547,1.5552261260668443,535 Main St,TRK68632951,1.1025709740754481,1.952264264925134,0.8034320973312714,4,2,2025,0,True,False,False,False,False,False,False,False,False,False,False,False,False,False,False,True,False,False,False,True,False
ORD200171,2023-08-15,C20448,-0.6722481651688036,-1.0563067526874135,336 Main St,TRK67379895,0.6641729724549916,-0.9250016648924076,-1.0730087199172604,8,3,2023,0,False,False,False,False,False,True,True,False,False,False,True,False,False,False,False,False,True,False,False,True,False
ORD200172,2025-04-06,C34134,-1.3829951239375826,-0.5190023311376858,365 Main St,TRK43074303,-1.966215037267748,-0.9766999029873921,0.30141916134331886,4,2,2025,1,False,False,False,False,True,False,False,False,False,True,True,False,False,False,False,False,True,False,False,False,False
ORD200173,2024-03-24,C95901,0.03849879359997556,1.5629381442042907,806 Main St,TRK56989066,-0.6510210324063782,1.1479852952423422,1.886475519347943,3,1,2024,1,False,False,False,True,False,False,False,False,False,True,True,False,False,False,False,False,False,False,True,False,False
ORD200174,2024-04-16,C51145,0.7492457523687547,1.2399973846987173,790 Main St,TRK59154274,1.5409689756959049,1.6486714924448527,0.38518533622568674,4,2,2024,0,False,False,False,False,True,False,False,True,False,False,True,False,False,False,False,True,False,False,False,False,False
ORD200175,2025-02-08,C78170,1.4599927111375337,-1.4615936005948005,332 Main St,TRK71410605,0.22577497083453502,-0.8697119140375167,-0.9782432897070312,2,1,2025,1,False,False,False,False,False,False,False,True,False,False,False,True,False,False,False,False,True,False,False,False,True
ORD200176,2025-06-28,C80151,0.7492457523687547,0.37757051430190236,553 Main St,TRK88251529,1.1025709740754481,0.818079194582336,0.05021798891392384,6,2,2025,1,False,False,False,False,False,True,False,False,True,False,False,True,False,False,False,False,True,False,False,False,True
ORD200177,2023-08-05,C55632,1.4599927111375337,0.3819338929849314,354 Main St,TRK13003066,1.9793669773163614,1.349635299078331,0.053008752488258794,8,3,2023,1,False,False,False,False,False,False,True,False,False,False,False,True,False,False,True,False,False,True,False,False,False
ORD200178,2024-04-11,C53070,0.7492457523687547,0.7897068520024157,283 Main St,TRK49791755,-0.2126230307859216,1.21500243470101,1.3108188757367802,4,2,2024,0,False,False,False,False,False,False,False,False,False,True,True,False,False,False,False,True,False,False,True,False,False
ORD200179,2024-11-24,C27401,0.03849879359997556,0.931009289586551,500 Main St,TRK14332053,1.1025709740754481,0.6915333419297034,-0.03382131302368435,11,4,2024,1,False,True,False,False,False,False,True,False,False,False,True,False,False,False,True,False,False,False,False,False,False
ORD200180,2023-03-18,C87216,1.4599927111375337,-0.20468685507530965,970 Main St,TRK18713727,1.9793669773163614,0.6434266165946256,-0.3221866945636289,3,1,2023,1,False,False,False,False,False,True,False,False,False,False,False,False,True,False,True,False,False,False,True,False,False
ORD200181,2024-08-31,C38966,1.4599927111375337,0.24342198827947745,247 Main St,TRK17205146,1.9793669773163614,1.1828864923683748,-0.03558176562726207,8,3,2024,1,False,False,False,False,True,False,False,False,False,True,False,False,False,True,True,False,False,False,False,False,True
ORD200182,2025-03-19,C16612,-1.3829951239375826,1.2386274867400922,596 Main St,TRK96188223,-0.6510210324063782,-0.5535121988081754,-0.3734588625572272,3,1,2025,0,True,False,False,False,False,False,False,True,False,False,False,True,False,False,False,False,True,False,True,False,False
ORD200183,2024-04-18,C39246,1.4599927111375337,-0.8632018774826672,258 Main St,TRK16658182,1.1025709740754481,-0.14933263699091404,-0.592241746489404,4,2,2024,0,False,False,True,False,False,False,False,True,False,False,True,False,False,False,False,True,False,False,False,False,False
ORD200184,2024-04-04,C65180,0.7492457523687547,-0.7198192244798787,231 Main St,TRK39255469,0.6641729724549916,-0.23880283921389725,-0.55220217009151,4,2,2024,0,False,False,False,False,False,True,False,False,True,False,False,False,False,False,True,False,False,False,False,False,True
ORD200185,2025-02-02,C46877,-1.3829951239375826,-0.7393022176692173,572 Main St,TRK96935978,-1.5278170356472913,-1.0297419043598923,-0.6641201338981508,2,1,2025,1,False,True,False,False,False,False,False,False,False,True,False,False,False,True,False,False,True,False,False,False,True
ORD200186,2023-12-07,C30334,-0.6722481651688036,-1.1307378751060586,322 Main St,TRK66388885,0.6641729724549916,-0.9608434963127016,-1.1002117110371912,12,4,2023,0,False,False,False,True,False,False,False,False,False,False,False,True,False,False,False,False,False,True,False,False,False
ORD200187,2023-02-08,C21227,-1.3829951239375826,1.1895648450367318,689 Main St,TRK79129657,0.22577497083453502,-0.5653250996205217,-0.7087182665221182,2,1,2023,0,False,False,False,False,False,False,False,False,True,False,False,False,True,False,False,False,False,False,False,False,True
ORD200188,2025-03-15,C97715,-0.6722481651688036,0.038038768408533534,927 Main St,TRK19515949,-1.5278170356472913,-0.3980265715697632,1.0139724934973886,3,1,2025,1,False,False,False,False,False,False,False,False,True,False,False,False,False,True,False,False,False,False,False,False,True
ORD200189,2023-07-05,C48939,1.4599927111375337,0.37056881362448385,597 Main St,TRK62786764,-0.2126230307859216,1.3359533457072579,1.439336783408835,7,3,2023,0,False,False,False,False,True,False,False,False,True,False,False,False,False,False,False,False,True,False,False,False,False
ORD200190,2024-08-31,C35483,0.03849879359997556,-0.6733441678094774,725 Main St,TRK79638203,-1.0894190340268348,-0.46731589257041334,0.10398886382872888,8,3,2024,1,False,False,False,False,True,False,False,False,False,False,False,False,True,False,False,True,False,False,False,False,False
ORD200191,2025-03-08,C51494,-0.6722481651688036,0.6720478384449261,505 Main St,TRK58520306,-0.6510210324063782,-0.09272355491809804,0.23856207944230629,3,1,2025,1,False,True,False,False,False,False,False,False,False,True,False,False,False,False,False,False,False,False,True,False,False
ORD200192,2023-08-11,C58410,-1.3829951239375826,1.4665379174862092,151 Main St,TRK19749672,-0.2126230307859216,-0.49863779296633465,-0.5100310437077697,8,3,2023,0,True,False,False,False,False,False,False,False,True,False,False,False,False,False,False,True,False,False,True,False,False
ORD200193,2023-07-21,C11644,-1.3829951239375826,-1.571591332976274,429 Main St,TRK81320339,0.22577497083453502,-1.2301336571269346,-1.297385493184483,7,3,2023,0,False,False,False,False,True,False,False,False,False,False,False,False,False,False,True,False,False,False,True,False,False
ORD200194,2024-06-08,C53501,-1.3829951239375826,-0.5420876485885948,899 Main St,TRK90144892,-1.0894190340268348,-0.9822581965443906,-0.8079418101941176,6,2,2024,1,False,False,True,False,False,False,False,False,False,False,False,False,False,True,False,False,False,False,True,False,False
ORD200195,2024-04-22,C63619,0.03849879359997556,1.3333533937309652,801 Main St,TRK65385674,0.22577497083453502,0.982152690767056,0.6615250146502554,4,2,2024,0,False,False,False,False,False,False,False,True,False,False,False,False,False,False,True,False,False,False,False,False,False
ORD200196,2025-01-24,C40882,0.7492457523687547,-0.7066783514693612,719 Main St,TRK64165503,1.1025709740754481,-0.22614703234565436,-0.6432543085691106,1,1,2025,0,True,False,False,False,False,False,False,False,False,False,True,False,False,False,False,False,True,False,False,False,False
ORD200197,2023-08-27,C80135,1.4599927111375337,-0.6844555623627719,723 Main St,TRK95222269,-0.2126230307859216,0.06585272785860105,0.08977544004316197,8,3,2023,1,False,True,False,False,False,False,False,False,False,False,False,False,True,False,False,False,True,False,False,False,True
ORD200198,2024-06-11,C37594,0.7492457523687547,-0.0817511975290404,926 Main St,TRK94405162,1.1025709740754481,0.37571232362402557,-0.2435585533936994,6,2,2024,0,False,True,False,False,False,False,False,False,False,False,False,False,False,False,False,True,False,False,False,False,True
ORD200199,2025-01-23,C87524,-1.3829951239375826,1.3627300943992644,358 Main St,TRK21114341,-0.2126230307859216,-0.5236317899281347,-0.5365887286988843,1,1,2025,0,False,False,False,True,False,False,False,False,False,True,False,False,True,False,False,False,True,False,True,False,False
ORD200200,2025-06-07,C97681,1.4599927111375337,0.3898995959295307,895 Main St,TRK37531040,1.5409689756959049,1.3592248824678783,0.21432137723267483,6,2,2025,1,False,False,False,False,False,True,True,False,False,False,True,False,False,False,False,True,False,False,True,False,False
ORD200201,2023-06-18,C10126,-0.6722481651688036,1.6159075319378047,146 Main St,TRK75607531,-0.6510210324063782,0.3617860496570401,0.8422431814580708,6,2,2023,1,False,False,True,False,False,False,False,False,False,True,False,False,False,True,False,True,False,True,False,False,False
ORD200202,2025-02-06,C36938,0.03849879359997556,-0.5197126485977138,636 Main St,TRK52522904,-1.0894190340268348,-0.356345477907172,0.300510540644698,2,1,2025,0,False,False,True,False,False,False,True,False,False,False,False,False,False,False,False,False,False,False,False,False,False
ORD200203,2025-01-21,C99173,0.03849879359997556,0.0021677366771208567,172 Main St,TRK89849342,-0.2126230307859216,0.020616769525489843,0.0417094050861254,1,1,2025,0,False,False,False,False,True,False,False,False,False,True,False,False,False,True,False,True,False,False,False,True,False
ORD200204,2023-09-05,C99775,0.7492457523687547,0.2907088363327679,478 Main St,TRK21638425,1.5409689756959049,0.7344238225420591,-0.15450651365348222,9,3,2023,0,False,True,False,False,False,False,False,False,True,False,False,False,False,False,False,False,False,True,False,False,False
ORD200205,2023-03-04,C19266,0.03849879359997556,-1.0605179204861508,609 Main St,TRK58357269,-1.0894190340268348,-0.7469774626811114,-0.3912743183980406,3,1,2023,1,True,False,False,False,False,False,False,True,False,False,False,False,True,False,True,False,False,False,False,False,False
ORD200206,2024-04-16,C31072,0.7492457523687547,-0.6459462086369699,729 Main St,TRK77172975,1.1025709740754481,-0.16765668168431586,-0.6044107737030744,4,2,2024,0,False,True,False,False,False,False,False,False,True,False,False,False,True,False,False,False,True,False,False,False,False
ORD200207,2025-03-18,C54595,-1.3829951239375826,-1.1895420134040884,999 Main St,TRK44416659,-1.0894190340268348,-1.1381469527660575,-1.0840110657917155,3,1,2025,0,False,False,False,True,False,False,False,True,False,False,True,False,False,False,True,False,False,False,True,False,False
ORD200208,2024-10-08,C87777,-0.6722481651688036,0.2633616141216912,597 Main St,TRK29003608,-1.0894190340268348,-0.2895237949252334,0.41884756972696896,10,4,2024,0,True,False,False,False,False,False,False,False,False,True,False,False,False,True,False,False,False,True,False,False,False
ORD200209,2023-08-29,C35854,1.4599927111375337,-0.854627331000901,706 Main St,TRK30615168,1.5409689756959049,-0.13901009181363097,-0.6701054924684302,8,3,2023,0,False,False,False,False,False,True,False,False,False,False,False,False,True,False,False,True,False,False,True,False,False
ORD200210,2024-12-05,C93821,0.03849879359997556,0.010488598351734423,513 Main St,TRK10658539,0.6641729724549916,0.02662705618492572,-0.35074798091159987,12,4,2024,0,False,False,False,False,False,False,False,False,True,False,True,False,False,False,False,False,False,True,False,False,False
ORD200211,2025-01-03,C54390,0.03849879359997556,-0.8261638956383516,185 Main St,TRK83853742,0.6641729724549916,-0.5776999378034656,-0.8094160009194308,1,1,2025,0,False,False,False,False,True,False,False,False,True,False,False,True,False,False,False,False,False,False,False,False,False
ORD200212,2023-06-20,C53215,-1.3829951239375826,-0.4618725125668649,367 Main St,TRK34751835,0.22577497083453502,-0.9629446534375451,-1.0607979703245718,6,2,2023,0,False,False,True,False,False,False,True,False,False,False,False,False,False,False,False,False,True,False,False,False,False
ORD200213,2023-04-20,C71122,-1.3829951239375826,1.4104228381439994,317 Main St,TRK54757882,0.22577497083453502,-0.5121487219202696,-0.6616322438900226,4,2,2023,0,False,True,False,False,False,False,False,False,False,False,False,False,False,False,False,True,False,False,False,False,False
ORD200214,2024-08-21,C29483,0.7492457523687547,-0.2571996101559486,673 Main St,TRK89423603,-0.2126230307859216,0.20674019949126987,0.23947719028877446,8,3,2024,0,True,False,False,False,False,False,False,False,False,True,True,False,False,False,True,False,False,True,False,False,False
ORD200215,2023-08-10,C26767,-1.3829951239375826,-0.2679558459792293,432 Main St,TRK24585307,-0.2126230307859216,-0.9162549875587572,-0.9537754323227444,8,3,2023,0,False,False,False,False,True,False,False,False,False,False,False,False,False,True,False,False,False,True,False,False,False
ORD200216,2025-04-15,C70492,0.7492457523687547,0.7082232919449218,811 Main St,TRK84625405,1.1025709740754481,1.1365266592940682,0.2616994565178984,4,2,2025,0,False,False,True,False,False,False,False,False,False,True,False,False,False,False,False,False,True,False,True,False,False
ORD200217,2024-05-20,C61549,0.7492457523687547,-0.17708594805708003,908 Main St,TRK65596914,1.5409689756959049,0.2838966436802869,-0.4204583498846923,5,2,2024,0,True,False,False,False,False,False,False,False,False,False,False,False,True,False,True,False,False,False,True,False,False
ORD200218,2023-04-28,C11665,0.03849879359997556,-1.237742126763129,882 Main St,TRK10993930,0.22577497083453502,-0.8749892389092164,-0.9829161961570807,4,2,2023,0,False,False,False,False,False,True,False,False,True,False,False,False,False,True,False,True,False,False,False,True,False
ORD200219,2025-05-02,C48946,1.4599927111375337,-1.493913045026073,457 Main St,TRK99387220,0.22577497083453502,-0.9086199689365065,-1.012695157863067,5,2,2025,0,False,True,False,False,False,False,False,False,False,False,True,False,False,False,False,True,False,False,False,False,False
ORD200220,2023-07-18,C79506,-0.6722481651688036,0.08502119469324056,497 Main St,TRK95188748,0.22577497083453502,-0.37540248438830975,-0.5405477188857317,7,3,2023,0,False,True,False,False,False,False,True,False,False,False,False,True,False,False,False,True,False,False,False,False,True
ORD200221,2024-02-23,C93473,1.4599927111375337,1.4356391079749924,552 Main St,TRK50003989,0.22577497083453502,2.61814783305356,2.110147647991745,2,1,2024,0,False,False,False,False,False,True,False,True,False,False,False,True,False,False,False,True,False,False,True,False,False
ORD200222,2023-05-04,C43124,0.7492457523687547,1.7095679627386355,931 Main St,TRK17293348,1.1025709740754481,2.1009089154780094,0.9021472460885661,5,2,2023,0,False,False,False,False,False,False,False,False,False,True,False,False,False,True,True,False,False,False,False,True,False
ORD200223,2024-09-11,C22783,0.7492457523687547,1.7072847994742597,673 Main St,TRK55009149,1.5409689756959049,2.098710030114801,0.6508487214414617,9,3,2024,0,False,False,False,True,False,False,True,False,False,False,False,True,False,False,False,True,False,False,False,True,False
ORD200224,2023-09-23,C18567,0.7492457523687547,-1.3442897457673244,507 Main St,TRK17554673,1.5409689756959049,-0.8402224181109356,-1.084039910893259,9,3,2023,1,False,False,False,False,True,False,False,False,False,False,False,False,False,False,False,True,False,False,False,False,True
ORD200225,2024-03-13,C99879,0.03849879359997556,-0.4183401996594366,692 Main St,TRK50246700,1.1025709740754481,-0.28312259531233847,-0.6810918705188167,3,1,2024,0,False,False,False,True,False,False,False,True,False,False,False,False,True,False,False,True,False,False,True,False,False
ORD200226,2025-06-27,C31501,0.03849879359997556,1.1752570219133112,242 Main St,TRK93063929,1.1025709740754481,0.867957244237776,0.08334208098953498,6,2,2025,0,True,False,False,False,False,False,False,False,True,False,True,False,False,False,True,False,False,False,False,True,False
ORD200227,2023-11-02,C93220,-0.6722481651688036,0.0444316255487852,353 Main St,TRK89023251,-0.6510210324063782,-0.39494813206127166,-0.16285356491263683,11,4,2023,0,False,False,True,False,False,False,False,False,False,True,False,False,False,False,False,False,False,True,False,False,False
ORD200228,2023-05-17,C57867,0.7492457523687547,0.1497108205172163,579 Main St,TRK92055007,1.1025709740754481,0.5986304353341563,-0.09551828099699358,5,2,2023,0,False,False,False,False,False,False,True,False,False,False,False,False,False,False,True,False,False,False,False,True,False
ORD200229,2025-03-28,C62622,-1.3829951239375826,1.0461821920339434,762 Main St,TRK70997648,-1.0894190340268348,-0.5998475998228906,-0.13071651615546806,3,1,2025,0,False,False,False,False,False,True,True,False,False,False,True,False,False,False,False,False,True,True,False,False,False
ORD200230,2023-12-16,C94595,0.7492457523687547,-1.4942174667946562,948 Main St,TRK24497305,0.22577497083453502,-0.9846158902949416,-1.079987174126395,12,4,2023,1,True,False,False,False,False,False,False,False,True,False,True,False,False,False,False,False,True,False,False,False,False
ORD200231,2023-11-05,C30955,0.7492457523687547,-1.5957421266172254,327 Main St,TRK46898848,1.5409689756959049,-1.0823929927789335,-1.2269962341429204,11,4,2023,1,False,False,False,True,False,False,False,False,True,False,False,True,False,False,False,False,False,False,False,True,False
ORD200232,2023-05-19,C20731,0.7492457523687547,0.4466235188089071,610 Main St,TRK75568437,1.1025709740754481,0.884583260789589,0.09438344501473857,5,2,2023,0,False,False,False,False,True,False,False,True,False,False,False,False,False,False,False,False,True,False,True,False,False
ORD200233,2024-08-24,C30168,0.03849879359997556,-0.2287361747933995,146 Main St,TRK73699939,-1.0894190340268348,-0.1461686852738533,0.672720519686832,8,3,2024,1,False,False,False,True,False,False,False,False,False,False,False,False,False,False,False,False,True,False,False,True,False
ORD200234,2024-11-26,C79842,0.7492457523687547,-0.6088574898312238,337 Main St,TRK26957950,0.6641729724549916,-0.13193701056197793,-0.4710938652799372,11,4,2024,0,False,False,False,False,True,False,False,True,False,False,False,True,False,False,False,True,False,False,True,False,False
ORD200235,2023-02-20,C32854,-1.3829951239375826,-1.4762565824482348,815 Main St,TRK30009218,-1.5278170356472913,-1.2071797371409998,-1.1354671213076537,2,1,2023,0,True,False,False,False,False,False,False,False,False,False,False,True,False,False,False,False,True,False,True,False,False
ORD200236,2023-01-01,C14847,-1.3829951239375826,-0.19078492764333366,562 Main St,TRK39663243,-1.0894190340268348,-0.8976744062396479,-0.6581491978786432,1,1,2023,1,False,False,True,False,False,False,False,True,False,False,False,True,False,False,False,False,True,False,False,False,False
ORD200237,2024-03-14,C88645,0.03849879359997556,1.153287917613875,783 Main St,TRK74097570,-0.2126230307859216,0.85208862153329,0.9252002512421436,3,1,2024,0,False,False,True,False,False,False,True,False,False,False,False,False,False,True,False,False,False,True,False,False,False
ORD200238,2024-12-13,C66149,0.7492457523687547,0.14159290668832508,770 Main St,TRK76307307,0.22577497083453502,0.5908121762649714,0.3150052041703143,12,4,2024,0,True,False,False,False,False,False,True,False,False,False,False,True,False,False,False,False,True,False,True,False,False
ORD200239,2024-12-11,C20256,0.03849879359997556,0.9250730650991746,456 Main St,TRK71127943,0.22577497083453502,0.6872455154714473,0.4003939160145053,12,4,2024,0,False,False,False,False,False,True,False,False,False,True,False,False,False,True,False,False,False,False,False,False,False
ORD200240,2023-07-12,C14983,-1.3829951239375826,-1.720859473505009,255 Main St,TRK93444157,-1.5278170356472913,-1.2660732167855933,-1.2919121351666012,7,3,2023,0,False,False,False,False,False,True,False,False,False,True,False,True,False,False,False,False,False,False,False,True,False
ORD200241,2023-05-16,C20817,1.4599927111375337,1.3153925093845433,407 Main St,TRK44164590,0.22577497083453502,2.4733878799756854,1.9819672280077496,5,2,2023,0,False,False,False,False,False,False,False,False,False,True,False,True,False,False,False,True,False,False,False,False,False
ORD200242,2023-05-09,C94921,-0.6722481651688036,-0.6966831700675391,134 Main St,TRK97794327,-0.6510210324063782,-0.7518272265099651,-0.636861512939529,5,2,2023,0,False,False,False,False,True,False,False,False,False,True,False,True,False,False,False,True,False,False,False,False,True
ORD200243,2025-05-09,C54725,-0.6722481651688036,-1.0743691109566962,506 Main St,TRK30601940,0.6641729724549916,-0.9336994781068759,-1.0796101274419334,5,2,2025,0,False,False,False,False,False,False,False,False,False,True,False,False,False,False,False,False,False,False,True,False,False
ORD200244,2023-02-16,C98096,-0.6722481651688036,-0.19606157163211296,838 Main St,TRK51518631,-0.6510210324063782,-0.5107560945235712,-0.3166700688934317,2,1,2023,0,True,False,False,False,False,False,False,True,False,False,False,False,False,False,False,False,True,True,False,False,False
ORD200245,2025-04-20,C12667,-1.3829951239375826,-0.6753736462666999,306 Main St,TRK25390491,-1.966215037267748,-1.014349706817435,0.10139280468981283,4,2,2025,1,False,True,False,False,False,False,False,False,False,True,False,False,True,False,True,False,False,True,False,False,False
ORD200246,2024-08-30,C55354,-0.6722481651688036,-0.07256780751010737,164 Main St,TRK15439493,-1.5278170356472913,-0.4512884614785844,0.8724872704264466,8,3,2024,0,True,False,False,False,False,False,False,False,True,False,False,False,False,True,False,False,True,False,False,True,False
ORD200247,2023-07-20,C14600,-0.6722481651688036,-0.6875505170100367,785 Main St,TRK84984764,-0.6510210324063782,-0.7474294557835488,-0.6310203798769671,7,3,2023,0,False,False,False,False,True,False,False,False,True,False,False,False,False,True,True,False,False,False,False,False,False
ORD200248,2023-07-02,C97187,-1.3829951239375826,1.5937862167540764,471 Main St,TRK62283713,0.22577497083453502,-0.46799999023896693,-0.6225399200231737,7,3,2023,1,False,True,False,False,False,False,False,False,False,False,False,False,False,True,False,False,False,False,False,False,True
ORD200249,2024-02-07,C39106,-1.3829951239375826,0.9628721013649489,245 Main St,TRK35464433,-0.2126230307859216,-0.6199063207472677,-0.6388864390678837,2,1,2024,0,False,False,False,False,True,False,False,False,False,False,False,True,False,False,False,False,False,False,False,False,True
ORD200250,2023-04-05,C93379,0.03849879359997556,-1.5904147456670155,318 Main St,TRK67954150,1.1025709740754481,-1.1297301082368882,-1.2433252658448195,4,2,2023,0,True,False,False,False,False,False,False,False,True,False,False,False,True,False,False,True,False,False,False,False,False
ORD200251,2025-05-15,C93175,0.7492457523687547,-1.733797398669804,814 Main St,TRK32995144,1.5409689756959049,-1.215352261074257,-1.305483755442825,5,2,2025,0,False,False,True,False,False,False,False,False,False,False,False,False,False,False,True,False,False,False,False,False,False
ORD200252,2024-09-20,C19648,0.7492457523687547,1.5827255591622127,821 Main St,TRK51297879,-0.2126230307859216,1.9787486175219973,2.1223469625620366,9,3,2024,0,False,False,False,True,False,False,False,False,True,False,False,False,False,False,False,False,False,True,False,False,False
ORD200253,2024-03-23,C14891,0.7492457523687547,0.29086104721705974,743 Main St,TRK79471534,0.6641729724549916,0.7345704148996064,0.18656208772583327,3,1,2024,1,False,False,False,False,False,False,False,False,True,False,False,False,True,False,False,False,False,False,False,True,False
ORD200254,2023-12-26,C10866,0.03849879359997556,-0.47298390712015953,770 Main St,TRK34809583,-0.2126230307859216,-0.3225925875819259,-0.32297200245315116,12,4,2023,0,False,False,True,False,False,False,False,False,False,True,True,False,False,False,True,False,False,False,False,True,False
ORD200255,2024-05-13,C47283,-1.3829951239375826,-0.4690771610900058,806 Main St,TRK56235117,-1.5278170356472913,-0.9646793296685204,-0.49128749672479377,5,2,2024,0,False,False,True,False,False,False,False,False,True,False,False,False,True,False,False,True,False,False,True,False,False
ORD200256,2025-06-30,C94323,1.4599927111375337,-1.423693090406165,463 Main St,TRK22663277,1.9793669773163614,-0.8240850427509463,-1.1018481554586868,6,2,2025,0,False,False,False,False,False,False,False,False,True,False,False,False,True,False,False,False,True,False,False,True,False
ORD200257,2024-04-23,C89732,-1.3829951239375826,0.2527068522212718,712 Main St,TRK41059233,-0.2126230307859216,-0.7908940897962977,-0.8205716379049457,4,2,2024,0,False,False,False,True,False,False,True,False,False,False,False,False,False,False,False,True,False,False,False,False,True
ORD200258,2024-02-26,C87764,-0.6722481651688036,-1.2836590768577942,294 Main St,TRK94082469,-1.5278170356472913,-1.0344817239205857,-0.6767110207218953,2,1,2024,0,False,False,False,False,False,True,False,False,False,True,False,False,False,True,False,False,False,False,False,False,True
ORD200259,2023-06-11,C20977,0.7492457523687547,0.3993366707556167,636 Main St,TRK54991561,1.5409689756959049,0.8390419017115878,-0.09274915124881625,6,2,2023,1,False,False,False,False,False,False,True,False,False,False,True,False,False,False,False,True,False,False,False,True,False
ORD200260,2023-05-17,C12245,-0.6722481651688036,0.2606725551658711,153 Main St,TRK22000463,-1.0894190340268348,-0.29081869408356703,0.41655438415425977,5,2,2023,0,False,False,True,False,False,False,False,True,False,False,False,False,False,True,True,False,False,False,True,False,False
ORD200261,2025-05-28,C68976,1.4599927111375337,-0.9272826597694761,460 Main St,TRK25491356,1.5409689756959049,-0.2264768651501356,-0.7217382242313224,5,2,2025,0,False,False,False,True,False,False,False,False,True,False,True,False,False,False,False,True,False,False,False,False,False
ORD200262,2023-01-10,C69476,0.7492457523687547,-0.5446244966601232,642 Main St,TRK65869386,-0.2126230307859216,-0.07007503567705348,-0.05465631015045003,1,1,2023,0,False,False,False,True,False,False,True,False,False,False,False,False,True,False,False,False,True,False,False,False,True
ORD200263,2023-03-25,C71040,0.7492457523687547,0.3979667727969914,250 Main St,TRK41397604,-0.6510210324063782,0.8377225704936629,1.4743835817842064,3,1,2023,1,False,False,False,True,False,False,True,False,False,False,False,True,False,False,False,False,True,False,True,False,False
ORD200264,2024-08-03,C71035,-1.3829951239375826,0.40770826939166044,977 Main St,TRK19599578,-0.2126230307859216,-0.7535741187707361,-0.7809168345579982,8,3,2024,1,False,False,False,False,False,True,False,False,False,False,False,False,True,False,False,False,False,False,True,False,False
ORD200265,2023-12-22,C20752,-1.3829951239375826,1.094483779315845,150 Main St,TRK22298450,-0.6510210324063782,-0.5882179394574782,-0.4195551376426109,12,4,2023,0,False,False,False,False,True,False,False,True,False,False,False,False,False,False,False,True,False,False,True,False,False
ORD200266,2024-06-08,C38840,0.7492457523687547,1.1499900151208882,589 Main St,TRK48484633,0.22577497083453502,1.561986545015267,1.1749497939363611,6,2,2024,1,False,False,False,False,False,False,True,False,False,False,False,False,False,False,False,False,False,False,False,False,True
ORD200267,2025-04-17,C84480,1.4599927111375337,0.5687473849722872,803 Main St,TRK62361867,1.5409689756959049,1.5745324076153495,0.3414201059087887,4,2,2025,0,False,False,False,False,False,False,False,True,False,False,True,False,False,False,True,False,False,True,False,False,False
ORD200268,2023-08-11,C37032,-0.6722481651688036,0.3423083261076568,655 Main St,TRK48639226,0.6641729724549916,-0.25150751020132245,-0.5618446754646279,8,3,2023,0,False,False,False,True,False,False,False,True,False,False,True,False,False,False,False,True,False,False,False,False,True
ORD200269,2023-11-25,C48942,0.7492457523687547,1.5589299242512753,129 Main St,TRK29355120,0.6641729724549916,1.9558313456254492,1.113466459996358,11,4,2023,1,False,False,False,False,False,True,True,False,False,False,False,True,False,False,False,False,False,False,True,False,False
ORD200270,2023-06-04,C13540,0.7492457523687547,-0.23594082331654012,127 Main St,TRK81087373,-0.2126230307859216,0.22721426542869747,0.2612321658728936,6,2,2023,1,False,False,False,False,True,False,False,True,False,False,False,False,False,True,False,False,True,False,True,False,False
ORD200271,2023-03-28,C59572,-1.3829951239375826,0.9419684732555544,791 Main St,TRK16792991,0.22577497083453502,-0.6249393250230555,-0.7615048023467509,3,1,2023,0,False,False,True,False,False,False,False,False,False,False,False,False,False,True,False,False,True,False,False,False,True
ORD200272,2023-09-19,C29758,-0.6722481651688036,0.21769834883417888,119 Main St,TRK12990043,0.22577497083453502,-0.31151264855731553,-0.4839752634835127,9,3,2023,0,False,False,False,False,False,False,False,False,False,True,False,True,False,False,False,False,True,False,False,True,False
ORD200273,2024-10-27,C11849,-0.6722481651688036,-0.5995218889279991,974 Main St,TRK91195261,0.6641729724549916,-0.7050398323928125,-0.9060635740053744,10,4,2024,1,False,False,False,False,False,True,False,False,False,True,False,False,False,False,False,False,False,False,False,False,False
ORD200274,2023-02-04,C50967,-0.6722481651688036,-0.882887818517728,884 Main St,TRK65300814,-0.2126230307859216,-0.841492885209678,-0.8743360226719036,2,1,2023,1,False,False,False,True,False,False,False,False,True,False,False,False,False,False,False,True,False,False,False,False,True
ORD200275,2023-11-04,C80735,-0.6722481651688036,-1.4781845869825965,360 Main St,TRK99880231,-0.6510210324063782,-1.1281542403932556,-1.136700249398639,11,4,2023,1,False,False,False,False,False,False,True,False,False,False,False,False,False,False,False,True,False,False,True,False,False
ORD200276,2025-03-29,C99050,-0.6722481651688036,1.2387796976243841,654 Main St,TRK56927089,-1.0894190340268348,0.18018255071563286,1.2506681854880886,3,1,2025,1,False,False,False,False,True,False,False,True,False,False,False,False,True,False,False,False,True,False,False,True,False
ORD200277,2024-09-09,C11210,1.4599927111375337,-1.347029541684575,910 Main St,TRK44929965,1.5409689756959049,-0.7317929376451792,-1.0200326305681988,9,3,2024,0,False,False,False,False,False,False,True,False,False,False,True,False,False,False,False,True,False,True,False,False,False
ORD200278,2024-11-18,C46015,1.4599927111375337,0.030681909001100766,299 Main St,TRK46598430,0.22577497083453502,0.9267774277035955,0.6124919476639725,11,4,2024,0,False,True,False,False,False,False,False,False,False,False,True,False,False,False,False,False,False,False,False,True,False
ORD200279,2023-10-20,C69167,0.03849879359997556,-1.529225970181749,263 Main St,TRK12425655,0.6641729724549916,-1.0855325124364033,-1.1948473382904745,10,4,2023,0,False,False,False,False,False,False,False,False,False,True,False,True,False,False,False,False,True,False,False,False,False
ORD200280,2023-03-27,C55388,0.03849879359997556,0.2445889383923806,740 Main St,TRK75741001,0.22577497083453502,0.19572134061563734,-0.03483539862482374,3,1,2023,0,False,False,False,False,False,True,False,False,True,False,True,False,False,False,False,False,False,False,False,True,False
ORD200281,2023-07-27,C87181,0.7492457523687547,1.5138755025009298,195 Main St,TRK60093390,1.5409689756959049,1.9124400077914738,0.5408911943575819,7,3,2023,0,True,False,False,False,False,False,False,False,False,False,False,True,False,False,True,False,False,False,False,False,True
ORD200282,2025-04-22,C30411,0.7492457523687547,1.4276226680689623,375 Main St,TRK71810536,1.5409689756959049,1.8293710051813856,0.4918545217336058,4,2,2025,0,False,False,False,False,True,False,False,False,True,False,False,False,False,False,False,False,False,False,True,False,False
ORD200283,2025-02-28,C39638,0.7492457523687547,0.9331402419666354,990 Main St,TRK69745608,0.22577497083453502,1.3531412996296688,0.9900238479408852,2,1,2025,0,False,True,False,False,False,False,False,False,False,False,False,False,False,True,True,False,False,False,True,False,False
ORD200284,2023-02-16,C27203,1.4599927111375337,-0.7521386689111513,516 Main St,TRK22023906,0.22577497083453502,-0.015628190878059004,-0.22197881180145718,2,1,2023,0,False,True,False,False,False,False,True,False,False,False,False,False,True,False,False,True,False,True,False,False,False
ORD200285,2025-06-10,C67583,-1.3829951239375826,-0.09184785285372372,974 Main St,TRK93281700,-1.0894190340268348,-0.8738531481382256,-0.6159632368712522,6,2,2025,0,False,False,False,True,False,False,False,False,False,True,True,False,False,False,True,False,False,False,True,False,False
ORD200286,2025-04-07,C70554,0.03849879359997556,-1.1008030678620229,187 Main St,TRK61086952,1.1025709740754481,-0.7760760456542335,-1.0084630406209796,4,2,2025,0,False,False,True,False,False,False,False,False,True,False,False,False,True,False,False,False,True,False,True,False,False
ORD200287,2023-11-24,C70437,0.7492457523687547,1.515854243996722,630 Main St,TRK26628830,-0.2126230307859216,1.9143457084395874,2.053914843660201,11,4,2023,0,False,False,False,False,False,False,False,False,False,True,False,False,False,True,True,False,False,True,False,False,False
ORD200288,2023-03-12,C97643,0.7492457523687547,0.7932077023411253,537 Main St,TRK60831391,1.1025709740754481,1.2183740589245962,0.3160544447389598,3,1,2023,1,False,True,False,False,False,False,False,True,False,False,False,False,True,False,False,False,True,False,True,False,False
ORD200289,2023-07-26,C17136,0.7492457523687547,-0.9940525010121051,333 Main St,TRK55362541,1.1025709740754481,-0.5029134033947951,-0.8270552956043893,7,3,2023,0,False,False,False,False,False,False,True,False,False,False,False,False,False,True,False,False,True,False,False,False,True
ORD200290,2023-05-05,C24901,0.03849879359997556,-1.3014677503199237,258 Main St,TRK14029489,1.1025709740754481,-0.9210192391790417,-1.1047200458811128,5,2,2023,0,False,False,False,False,False,False,False,False,False,False,True,False,False,False,False,False,False,True,False,False,False
ORD200291,2024-05-12,C61521,-0.6722481651688036,-0.05785408869524242,670 Main St,TRK93676567,0.22577497083453502,-0.4442031641971358,-0.6014685733456359,5,2,2024,1,False,False,False,True,False,False,True,False,False,False,True,False,False,False,False,False,False,False,True,False,False
ORD200292,2025-01-15,C39639,-1.3829951239375826,-1.4737197343767063,185 Main St,TRK31042152,-0.2126230307859216,-1.2065689356512197,-1.2622521595044818,1,1,2025,0,False,False,True,False,False,False,True,False,False,False,True,False,False,False,True,False,False,True,False,False,False
ORD200293,2023-02-16,C33220,0.7492457523687547,0.5409942670697659,564 Main St,TRK40450219,1.5409689756959049,0.9754705224688621,-0.01221362773932181,2,1,2023,0,False,False,False,False,False,True,False,False,True,False,False,False,True,False,True,False,False,False,False,True,False
ORD200294,2025-04-01,C65414,-0.6722481651688036,-0.29783991626183476,208 Main St,TRK67562517,0.6641729724549916,-0.5597668060635231,-0.7958052337196836,4,2,2025,0,False,False,False,True,False,False,False,False,False,True,False,False,False,True,False,True,False,False,False,False,True
ORD200295,2023-01-25,C49009,1.4599927111375337,-1.2630091335555524,278 Main St,TRK46285799,1.5409689756959049,-0.6306442109376013,-0.9603232703731224,1,1,2023,0,False,False,False,False,True,False,False,True,False,False,False,False,False,False,False,False,False,False,False,False,False
ORD200296,2024-06-19,C48453,1.4599927111375337,1.4327471011734498,434 Main St,TRK52110494,1.9793669773163614,2.614666264561813,0.7250960128144697,6,2,2024,0,True,False,False,False,False,False,False,True,False,False,False,False,False,False,False,False,True,False,False,False,True
ORD200297,2023-02-22,C68078,-0.6722481651688036,0.6974670561216412,252 Main St,TRK64862812,0.6641729724549916,-0.08048309306290567,-0.4320417185188095,2,1,2023,0,True,False,False,False,False,False,True,False,False,False,False,False,True,False,False,True,False,False,False,True,False
ORD200298,2023-12-19,C19402,0.7492457523687547,-0.28028492760685764,267 Main St,TRK97825212,0.22577497083453502,0.18450702526327564,-0.04476532483117866,12,4,2023,0,False,False,False,False,True,False,False,False,False,True,False,False,False,False,True,False,False,False,False,False,False
ORD200299,2024-01-20,C30711,-1.3829951239375826,-0.3944938277870689,856 Main St,TRK42696593,-1.5278170356472913,-0.9467217658689866,-0.4435849100472054,1,1,2024,1,False,False,True,False,False,False,False,False,True,False,False,False,False,False,False,False,False,False,False,True,False
ORD200300,2024-09-02,C39000,-1.3829951239375826,-0.3498453017281682,894 Main St,TRK33753945,-1.0894190340268348,-0.9359716596488575,-0.7259712428828333,9,3,2024,0,False,False,False,True,False,False,False,True,False,False,False,False,True,False,False,False,False,True,False,False,False
ORD200301,2023-05-11,C31105,-1.3829951239375826,1.1546578155725002,726 Main St,TRK40149095,-1.5278170356472913,-0.5737297281198953,0.5472335110594623,5,2,2023,0,False,False,False,False,False,False,False,False,False,False,False,False,False,False,False,True,False,False,False,False,False
ORD200302,2023-05-16,C29432,0.03849879359997556,0.5699143350851903,121 Main St,TRK44142517,-0.6510210324063782,0.43070888976382216,0.9337867168441093,5,2,2023,0,False,False,False,False,False,False,False,False,False,False,False,True,False,False,False,False,False,False,False,True,False
ORD200303,2024-12-07,C48531,-1.3829951239375826,-1.6533793148023517,368 Main St,TRK95462192,-1.966215037267748,-1.2498258971574436,-1.1496480943539844,12,4,2024,1,False,False,False,False,False,True,False,True,False,False,False,False,True,False,True,False,False,False,True,False,False
ORD200304,2024-10-18,C86762,1.4599927111375337,0.2654418295403446,326 Main St,TRK75686292,1.9793669773163614,1.2093952770248295,-0.021498144798640678,10,4,2024,0,False,False,True,False,False,False,False,False,True,False,True,False,False,False,False,False,False,False,False,True,False
ORD200305,2023-11-25,C63822,0.7492457523687547,-1.1645286914188178,235 Main St,TRK59353216,1.5409689756959049,-0.6670968438476753,-0.9818417161245847,11,4,2023,1,False,True,False,False,False,False,False,False,False,False,False,True,False,False,False,False,False,False,False,True,False
ORD200306,2024-06-07,C70495,-0.6722481651688036,-1.5187741561270518,238 Main St,TRK65511225,-1.0894190340268348,-1.1476998880662177,-1.100928717846987,6,2,2024,0,False,False,False,False,True,False,False,True,False,False,False,False,True,False,False,True,False,False,False,True,False
ORD200307,2023-07-01,C92407,0.03849879359997556,1.019798972090047,135 Main St,TRK11755610,-0.6510210324063782,0.7556674983566096,1.3653977740585734,7,3,2023,1,False,True,False,False,False,False,False,False,False,True,True,False,False,False,True,False,False,False,False,False,False
ORD200308,2023-12-11,C75888,0.03849879359997556,0.46925220360694087,790 Main St,TRK98467398,0.6641729724549916,0.35799908042040385,-0.0992454801892949,12,4,2023,0,False,False,False,False,True,False,False,True,False,False,False,False,True,False,False,True,False,False,False,True,False
ORD200309,2023-10-03,C63153,0.7492457523687547,0.9809851965956619,625 Main St,TRK38033305,-0.6510210324063782,1.3992201640186763,2.2201664709164053,10,4,2023,0,False,False,False,False,False,False,False,True,False,False,True,False,False,False,False,False,False,True,False,False,False
ORD200310,2024-02-24,C85863,0.03849879359997556,-1.1361667299791296,968 Main St,TRK16094218,-0.6510210324063782,-0.8016197639568359,-0.7029961195034236,2,1,2024,1,False,False,False,False,True,False,False,False,False,True,False,False,False,True,True,False,False,False,False,False,True
ORD200311,2025-05-17,C71698,1.4599927111375337,0.6745846865164545,274 Main St,TRK34786818,1.1025709740754481,1.7019455983834695,0.6371950729077234,5,2,2025,1,True,False,False,False,False,False,False,False,False,True,False,False,True,False,True,False,False,False,False,True,False
ORD200312,2025-05-24,C35397,1.4599927111375337,-1.4718932037652057,579 Main St,TRK64742535,0.6641729724549916,-0.882111184280052,-1.0404559926432055,5,2,2025,1,False,False,False,False,True,False,False,False,True,False,False,True,False,False,False,False,False,False,False,False,True
ORD200313,2023-07-09,C67687,-0.6722481651688036,0.39517623991831,978 Main St,TRK22838735,0.6641729724549916,-0.22604930410728952,-0.5425225781592645,7,3,2023,1,False,False,False,False,False,False,False,False,False,False,True,False,False,False,False,True,False,False,False,True,False
ORD200314,2023-10-04,C29931,0.7492457523687547,-1.0315978524707263,540 Main St,TRK48712417,-0.6510210324063782,-0.5390728515897747,-0.3542804756684825,10,4,2023,0,True,False,False,False,False,False,False,False,False,True,True,False,False,False,False,False,False,False,False,False,True
ORD200315,2025-05-12,C59139,1.4599927111375337,-1.3432242695772822,301 Main St,TRK45507090,1.5409689756959049,-0.7272119264718288,-1.0173284022984943,5,2,2025,0,False,False,False,False,False,True,False,False,False,True,False,False,False,False,False,False,False,False,False,False,False
ORD200316,2023-10-02,C66078,0.7492457523687547,-0.4116429207506015,101 Main St,TRK86474559,1.5409689756959049,0.0579978207000294,-0.553809254320363,10,4,2023,0,True,False,False,False,False,False,False,False,True,False,False,False,False,True,False,False,True,True,False,False,False
ORD200317,2023-04-10,C88370,-0.6722481651688036,-1.0982662197904944,339 Main St,TRK22575151,-0.2126230307859216,-0.9452069781743322,-0.9845387331189034,4,2,2023,0,False,False,True,False,False,False,False,False,False,True,False,False,True,False,True,False,False,False,False,True,False
ORD200318,2024-07-27,C93375,0.03849879359997556,-1.053769904615885,317 Main St,TRK95706967,0.6641729724549916,-0.7421032667926665,-0.9341937291034895,7,3,2024,1,False,False,False,False,False,False,False,True,False,False,False,False,False,False,False,True,False,False,True,False,False
ORD200319,2023-12-02,C53049,-0.6722481651688036,1.0484653552983185,413 Main St,TRK48974907,0.22577497083453502,0.08853789518903239,-0.12974299397837458,12,4,2023,1,False,True,False,False,False,False,False,False,False,False,False,False,True,False,True,False,False,False,False,True,False
ORD200320,2024-12-19,C55590,-1.3829951239375826,1.3653176794322235,772 Main St,TRK48792951,-1.966215037267748,-0.5230087724085591,2.711795170348692,12,4,2024,0,False,False,False,False,True,False,True,False,False,False,False,False,False,True,False,False,False,True,False,False,False
ORD200321,2023-08-09,C47086,0.7492457523687547,-1.035656809385172,135 Main St,TRK44194358,0.22577497083453502,-0.5429819811243671,-0.6889341325009598,8,3,2023,0,False,False,False,True,False,False,False,True,False,False,False,False,False,False,False,False,True,False,True,False,False
ORD200322,2024-06-14,C48646,1.4599927111375337,-0.6321457551278551,339 Main St,TRK18233748,0.22577497083453502,0.12882636145492518,-0.09406881464443216,6,2,2024,0,False,False,False,True,False,False,False,True,False,False,True,False,False,False,False,True,False,True,False,False,False
ORD200323,2025-01-26,C29416,-1.3829951239375826,-1.0464130452084526,414 Main St,TRK63820842,-1.966215037267748,-1.1036855327126665,-0.37323170738257205,1,1,2025,1,False,True,False,False,False,False,False,True,False,False,False,False,True,False,False,True,False,False,False,False,True
ORD200324,2024-06-13,C13525,0.03849879359997556,-1.448452727584283,847 Main St,TRK70193221,-0.2126230307859216,-1.027188754132612,-1.0716494975252422,6,2,2024,0,False,False,False,False,False,True,False,True,False,False,False,False,True,False,True,False,False,False,False,False,True
ORD200325,2023-06-29,C53545,0.03849879359997556,0.025253054128029896,665 Main St,TRK61123177,1.1025709740754481,0.037291650196485594,-0.4683042606605747,6,2,2023,0,True,False,False,False,False,False,True,False,False,False,False,False,False,True,True,False,False,False,False,False,True
ORD200326,2024-07-01,C65986,1.4599927111375337,1.5934817949854934,273 Main St,TRK98353867,-0.2126230307859216,2.7813020729961604,2.975110203735056,7,3,2024,0,False,True,False,False,False,False,False,False,True,False,False,False,True,False,False,True,False,True,False,False,False
ORD200327,2023-07-25,C17302,-1.3829951239375826,0.018149879527750327,385 Main St,TRK43940016,-0.2126230307859216,-0.8473687955413621,-0.8805795449009975,7,3,2023,0,False,False,False,True,False,False,False,False,True,False,False,False,False,False,False,True,False,False,False,False,False
ORD200328,2023-02-28,C18404,1.4599927111375337,1.6115441532547756,546 Main St,TRK89401624,0.6641729724549916,2.7813020729961604,1.7399766570649686,2,1,2023,0,False,False,False,False,False,True,False,False,False,True,False,False,False,False,False,True,False,False,True,False,False
ORD200329,2024-12-25,C88371,0.7492457523687547,-0.3716621951433127,306 Main St,TRK63224811,0.22577497083453502,0.09650274661576463,-0.1226903666509849,12,4,2024,0,False,False,False,False,False,False,True,False,False,False,False,False,False,True,True,False,False,False,True,False,False
ORD200330,2024-06-02,C38068,1.4599927111375337,-0.4864799388606911,532 Main St,TRK54059198,-0.2126230307859216,0.3041874691707806,0.34302100904445376,6,2,2024,1,True,False,False,False,False,False,False,False,True,False,False,True,False,False,False,True,False,False,False,True,False
ORD200331,2023-04-15,C78724,0.03849879359997556,0.3334293578573072,187 Main St,TRK25703134,0.6641729724549916,0.25989214513193065,-0.17370601927728546,4,2,2023,1,False,False,False,False,True,False,False,False,False,True,True,False,False,False,False,True,False,True,False,False,False
ORD200332,2024-07-03,C26163,1.4599927111375337,-1.174016503206334,607 Main St,TRK67499316,1.5409689756959049,-0.5235096296301787,-0.8970803852389652,7,3,2024,0,True,False,False,False,False,False,False,True,False,False,False,True,False,False,False,True,False,False,True,False,False
ORD200333,2024-04-16,C87124,-1.3829951239375826,-0.8011505736530811,818 Main St,TRK52086740,-0.2126230307859216,-1.0446332446807303,-1.090185359777105,4,2,2024,0,False,False,False,True,False,False,True,False,False,False,False,False,True,False,False,False,True,False,False,True,False
ORD200334,2024-03-26,C90348,0.7492457523687547,-0.6680167868592675,728 Main St,TRK20635777,0.6641729724549916,-0.1889125735286619,-0.5143367932224584,3,1,2024,0,False,False,False,False,False,False,False,False,False,True,True,False,False,False,False,False,True,True,False,False,False
ORD200335,2025-03-03,C58721,0.03849879359997556,-0.7638589070016126,978 Main St,TRK34801199,-0.6510210324063782,-0.5326960840364708,-0.34581083272776775,3,1,2025,0,False,False,False,False,False,True,False,False,True,False,False,False,False,True,True,False,False,False,False,False,False
ORD200336,2023-12-29,C88174,-1.3829951239375826,-1.7159887252076742,441 Main St,TRK10143345,-0.6510210324063782,-1.2649004779252155,-1.318327036905075,12,4,2023,0,False,True,False,False,False,False,False,True,False,False,False,True,False,False,False,True,False,False,False,True,False
ORD200337,2023-05-29,C77763,0.03849879359997556,0.7425722148334172,599 Main St,TRK66980447,1.1025709740754481,0.5554223379471147,-0.12421284716682865,5,2,2023,0,False,False,False,False,False,True,False,True,False,False,False,False,True,False,False,False,True,False,False,False,False
ORD200338,2023-11-08,C53627,1.4599927111375337,-0.2583665602688518,704 Main St,TRK64112352,1.9793669773163614,0.5788038189758955,-0.3565195766757978,11,4,2023,0,False,False,False,True,False,False,False,True,False,False,False,False,False,True,True,False,False,False,False,False,True
ORD200339,2024-04-10,C84563,-0.6722481651688036,-0.6092633855226683,398 Main St,TRK62422797,-1.0894190340268348,-0.7097307878343233,-0.3253127824434073,4,2,2024,0,False,False,False,False,True,False,False,False,False,True,False,True,False,False,False,True,False,False,False,True,False
ORD200340,2023-04-23,C76207,1.4599927111375337,0.8363341195571091,826 Main St,TRK25569378,1.1025709740754481,1.8966691133253528,0.766511268764995,4,2,2023,1,False,True,False,False,False,False,False,False,False,False,False,False,False,False,True,False,False,False,False,False,False
ORD200341,2024-09-23,C94671,-1.3829951239375826,-0.960261684699346,293 Main St,TRK61357272,-0.2126230307859216,-1.0829427141197356,-1.1308915670753135,9,3,2024,0,False,False,False,False,False,True,False,False,True,False,False,False,False,True,False,False,True,False,False,False,False
ORD200342,2025-06-24,C69994,1.4599927111375337,0.5581433600332983,619 Main St,TRK95935805,-0.2126230307859216,1.5617666564789459,1.6792775493231802,6,2,2025,0,False,False,True,False,False,False,False,False,True,False,False,False,True,False,True,False,False,False,False,False,True
ORD200343,2023-02-26,C64638,-1.3829951239375826,0.8683998791812291,919 Main St,TRK64087938,-1.0894190340268348,-0.6426525682266772,-0.20652144301182584,2,1,2023,1,False,False,False,False,True,False,False,True,False,False,False,True,False,False,False,False,False,True,False,False,False
ORD200344,2025-03-06,C95623,0.03849879359997556,1.3543077588017902,248 Main St,TRK67558189,-1.0894190340268348,0.9972883516838057,2.697711549520071,3,1,2025,0,False,False,False,False,False,True,False,False,False,True,False,False,False,False,False,True,False,False,False,True,False
ORD200345,2023-12-07,C24751,1.4599927111375337,0.7349109336574012,259 Main St,TRK37285406,1.9793669773163614,1.7745698955183191,0.27876854535627366,12,4,2023,0,False,False,False,False,False,True,False,False,True,False,False,False,False,True,False,False,False,False,False,False,True
ORD200346,2024-12-06,C31764,-1.3829951239375826,1.5153976113438474,876 Main St,TRK44680433,0.22577497083453502,-0.4868737562731707,-0.6392520507299477,12,4,2024,0,False,False,False,False,False,True,False,False,False,False,False,True,False,False,True,False,False,False,False,False,True
ORD200347,2024-02-03,C83556,0.7492457523687547,-0.4648659932912683,380 Main St,TRK21109187,-0.2126230307859216,0.006739359677687003,0.02696378917708068,2,1,2024,1,False,False,False,False,True,False,True,False,False,False,False,True,False,False,False,True,False,False,True,False,False
ORD200348,2024-03-13,C24369,0.03849879359997556,0.016830718530555573,885 Main St,TRK72633998,0.6641729724549916,0.03120806735827617,-0.3472711159934082,3,1,2024,0,False,True,False,False,False,False,False,True,False,False,False,False,True,False,False,False,False,False,False,False,False
ORD200349,2023-11-30,C39648,-1.3829951239375826,0.552613031237366,824 Main St,TRK56016905,-1.5278170356472913,-0.7186851376744992,0.16217303927969215,11,4,2023,0,False,False,False,False,False,False,False,False,True,False,True,False,False,False,False,False,False,False,True,False,False
ORD200350,2023-06-03,C13296,-0.6722481651688036,-1.532270187867583,495 Main St,TRK60127216,0.22577497083453502,-1.1541988159174774,-1.2301475614865494,6,2,2023,1,False,False,False,False,False,False,False,False,False,True,False,False,False,True,True,False,False,False,False,True,False
ORD200351,2025-02-15,C94248,-1.3829951239375826,-1.4802648024012497,494 Main St,TRK89406816,-0.6510210324063782,-1.2081448034948523,-1.2429439696587912,2,1,2025,1,False,True,False,False,False,False,False,True,False,False,True,False,False,False,True,False,False,False,False,True,False
ORD200352,2023-08-31,C26637,1.4599927111375337,-0.9257098139651284,995 Main St,TRK59546992,1.1025709740754481,-0.2245833805318173,-0.642215884913544,8,3,2023,0,False,False,False,False,False,False,False,True,False,False,False,True,False,False,False,False,True,False,False,True,False
ORD200353,2025-03-28,C16012,-1.3829951239375826,1.392259005951856,171 Main St,TRK15195225,-0.2126230307859216,-0.5165220605870948,-0.5290341966046376,3,1,2025,0,False,False,False,False,False,True,False,False,False,True,True,False,False,False,False,False,False,False,True,False,False
ORD200354,2023-07-11,C31772,-1.3829951239375826,1.7098216475457881,992 Main St,TRK11970357,-0.6510210324063782,-0.44006193009642697,-0.22277385491275034,7,3,2023,0,False,False,False,True,False,False,False,True,False,False,False,False,False,True,True,False,False,False,False,True,False
ORD200355,2025-06-03,C18353,0.03849879359997556,0.3902547546595447,677 Main St,TRK78766533,-0.6510210324063782,0.3009380052451506,0.7614246153896808,6,2,2025,0,False,False,False,False,False,True,True,False,False,False,False,False,False,False,False,False,False,False,False,False,True
ORD200356,2023-05-06,C26966,1.4599927111375337,0.09217510625495065,907 Main St,TRK83889574,1.9793669773163614,1.000806568264939,-0.132317419291133,5,2,2023,1,False,False,False,False,True,False,False,False,True,False,False,False,False,False,False,False,False,False,False,True,False
ORD200357,2023-07-08,C74982,1.4599927111375337,0.26457930119602485,398 Main St,TRK98700702,1.1025709740754481,1.2083569144922033,0.3094020431954866,7,3,2023,1,False,True,False,False,False,False,False,True,False,False,True,False,False,False,False,False,False,False,False,True,False
ORD200358,2024-04-07,C70633,-0.6722481651688036,-0.8764442244160459,747 Main St,TRK82540521,-1.0894190340268348,-0.8383900136415954,-0.5531602395356339,4,2,2024,1,False,False,False,False,False,True,False,False,False,True,False,False,False,False,False,True,False,False,True,False,False
ORD200359,2023-06-09,C95643,0.7492457523687547,1.2692218744827257,303 Main St,TRK23286689,-0.2126230307859216,1.6768172250939182,1.8015259741747522,6,2,2023,0,True,False,False,False,False,False,False,True,False,False,True,False,False,False,False,False,True,False,False,False,True
ORD200360,2024-06-06,C53810,0.7492457523687547,1.1829690400507582,779 Main St,TRK34630612,1.1025709740754481,1.5937482224838302,0.5653410235534041,6,2,2024,0,False,False,False,True,False,False,False,False,False,False,False,True,False,False,True,False,False,False,False,True,False
ORD200361,2024-06-29,C53464,1.4599927111375337,1.5395484049847983,197 Main St,TRK32743531,1.5409689756959049,2.7432399781605157,1.0313228220758128,6,2,2024,1,False,False,False,False,True,False,True,False,False,False,True,False,False,False,False,True,False,True,False,False,False
ORD200362,2023-06-27,C53697,0.7492457523687547,-0.758886684781417,312 Main St,TRK60476656,-0.2126230307859216,-0.2764282109843489,-0.2739194650233263,6,2,2023,0,False,False,True,False,False,False,False,False,False,False,False,False,False,False,False,False,True,False,False,True,False
ORD200363,2024-05-24,C31668,1.4599927111375337,-1.2305882152014187,871 Main St,TRK42584392,0.22577497083453502,-0.5916139957406554,-0.7319962634677349,5,2,2024,0,False,True,False,False,False,False,True,False,False,False,False,True,False,False,False,True,False,False,False,False,False
ORD200364,2023-11-24,C85282,1.4599927111375337,1.3817057179742975,740 Main St,TRK86767206,1.5409689756959049,2.5532196346899387,0.919151433448468,11,4,2023,0,False,False,False,True,False,False,False,False,False,False,False,False,False,False,False,False,False,True,False,False,False
ORD200365,2025-02-14,C56796,-1.3829951239375826,1.6335639945156428,607 Main St,TRK74263180,-0.6510210324063782,-0.45842262287921554,-0.2471605854489459,2,1,2025,0,False,False,False,True,False,False,True,False,False,False,False,False,False,False,False,True,False,False,False,False,True
ORD200366,2023-02-10,C95213,0.03849879359997556,1.247252770183289,603 Main St,TRK40630538,1.1025709740754481,0.9199608830776502,0.11787778022193171,2,1,2023,0,False,False,False,False,True,False,False,True,False,False,False,True,False,False,True,False,False,False,False,False,True
ORD200367,2024-04-25,C13108,1.4599927111375337,1.5340688131502966,712 Main St,TRK82284400,1.9793669773163614,2.7366433220708912,0.7899001390696696,4,2,2024,0,False,True,False,False,False,False,False,False,True,False,False,True,False,False,False,False,False,False,False,True,False
ORD200368,2023-05-01,C85322,0.03849879359997556,-0.4332568663200239,403 Main St,TRK89728869,0.22577497083453502,-0.29389713359205866,-0.4683772748238568,5,2,2023,0,False,False,True,False,False,False,True,False,False,False,False,False,False,False,True,False,False,False,True,False,False
ORD200369,2024-12-22,C43545,1.4599927111375337,0.09557448267079888,216 Main St,TRK73937402,1.5409689756959049,1.0048989382464653,0.005158334665260274,12,4,2024,1,False,False,True,False,False,False,False,False,True,False,False,True,False,False,False,True,False,False,False,False,False
ORD200370,2025-05-03,C80649,-1.3829951239375826,-0.22477869180181495,870 Main St,TRK41143313,-0.6510210324063782,-0.9058591462027007,-0.8414471984557569,5,2,2025,1,False,False,False,True,False,False,False,False,False,True,False,False,False,False,False,False,True,True,False,False,False
ORD200371,2023-01-05,C59752,1.4599927111375337,-0.24684927002411267,179 Main St,TRK82229639,1.5409689756959049,0.5926690127939027,-0.23818615323121986,1,1,2023,0,False,False,False,True,False,False,False,False,True,False,False,True,False,False,False,False,False,False,True,False,False
ORD200372,2025-02-14,C53645,0.03849879359997556,0.6449543010410019,166 Main St,TRK12123939,-0.6510210324063782,0.4849114139669045,1.0057786818401837,2,1,2025,0,False,False,False,False,False,False,False,False,False,False,False,False,True,False,True,False,False,False,False,False,True
ORD200373,2023-01-02,C60178,0.03849879359997556,-0.0774385558074422,969 Main St,TRK84505143,-0.6510210324063782,-0.036884082722404926,0.3127282439672233,1,1,2023,0,False,True,False,False,False,False,False,False,False,False,False,True,False,False,False,False,False,False,False,True,False
ORD200374,2024-09-16,C20286,-1.3829951239375826,1.093316829202942,129 Main St,TRK67648338,-1.966215037267748,-0.5884989081427772,2.363858344255426,9,3,2024,0,False,False,True,False,False,False,False,False,True,False,False,True,False,False,False,False,True,False,False,True,False
ORD200375,2025-01-16,C87547,0.7492457523687547,-1.326176650536611,400 Main St,TRK71027262,1.1025709740754481,-0.8227779275628169,-1.039477834646221,1,1,2025,0,False,False,True,False,False,False,False,False,False,True,False,False,False,True,False,False,False,True,False,False,False
ORD200376,2023-08-24,C64549,1.4599927111375337,-0.7874008571053969,341 Main St,TRK20788231,0.22577497083453502,-0.05807889441777303,-0.25956758475035036,8,3,2023,0,False,False,True,False,False,False,False,True,False,False,False,True,False,False,False,False,False,True,False,False,False
ORD200377,2024-07-22,C24884,-1.3829951239375826,-0.4878498368193163,625 Main St,TRK44538419,-0.2126230307859216,-0.9691992606928929,-1.0100320338630622,7,3,2024,0,False,False,True,False,False,False,False,False,False,True,False,True,False,False,False,False,True,False,False,True,False
ORD200378,2024-02-01,C62666,1.4599927111375337,-1.4810765937841388,148 Main St,TRK91029390,1.1025709740754481,-0.893166691245071,-1.0862231245163338,2,1,2024,0,False,False,False,False,False,False,True,False,False,False,False,True,False,False,False,False,True,False,False,True,False
ORD200379,2024-09-21,C47284,0.03849879359997556,-0.29804286410755687,500 Main St,TRK85756094,0.22577497083453502,-0.19622997537622702,-0.38189605475870525,9,3,2024,1,False,False,False,True,False,False,False,False,False,True,False,False,False,True,True,False,False,False,True,False,False
ORD200380,2024-04-20,C35355,0.7492457523687547,-0.1243702451307187,127 Main St,TRK52935059,-0.2126230307859216,0.33466646351080537,0.37540684680243513,4,2,2024,1,False,False,False,False,True,False,False,False,False,False,False,True,False,False,False,True,False,False,False,True,False
ORD200381,2023-06-07,C29467,-1.3829951239375826,-0.8353980226187153,223 Main St,TRK98103385,-1.966215037267748,-1.052879064792761,-0.1033064584137428,6,2,2023,0,False,False,False,False,False,False,True,False,False,False,False,False,True,False,False,False,False,False,False,True,False
ORD200382,2025-01-30,C26718,0.7492457523687547,-0.47349127673446534,272 Main St,TRK91702525,1.1025709740754481,-0.0015675405833220344,-0.49411071103836535,1,1,2025,0,False,False,False,False,True,False,False,True,False,False,False,False,False,True,False,True,False,False,True,False,False
ORD200383,2023-01-20,C18944,0.7492457523687547,0.18969154612450478,837 Main St,TRK45275439,0.6641729724549916,0.6371353612498912,0.11261148882584428,1,1,2023,0,False,False,False,False,False,False,True,False,False,False,False,True,False,False,False,True,False,False,False,False,False
ORD200384,2024-11-24,C35628,0.03849879359997556,1.000315978900709,147 Main St,TRK45688220,-0.6510210324063782,0.7415946320320771,1.3467061482583755,11,4,2024,1,False,False,False,False,False,False,True,False,False,False,False,False,True,False,False,False,False,True,False,False,False
ORD200385,2023-10-31,C56851,1.4599927111375337,-0.8360576031173127,752 Main St,TRK65290904,0.22577497083453502,-0.11665475728768084,-0.31143468296328364,10,4,2023,0,False,False,False,False,False,False,False,False,True,False,True,False,False,False,False,False,False,True,False,False,False
ORD200386,2023-04-28,C12421,-1.3829951239375826,-1.3363747797841556,373 Main St,TRK32588504,-0.6510210324063782,-1.1735001429945273,-1.1969288214214986,4,2,2023,0,False,False,False,False,False,True,False,False,False,True,False,False,True,False,True,False,False,False,False,False,False
ORD200387,2024-06-27,C25316,-0.6722481651688036,-1.60776678647627,904 Main St,TRK55423551,-1.0894190340268348,-1.1905537205891867,-1.1768201800079756,6,2,2024,0,False,False,False,False,True,False,True,False,False,False,False,False,False,True,False,False,True,False,True,False,False
ORD200388,2023-12-28,C22657,0.03849879359997556,1.4082411488024853,152 Main St,TRK49157047,0.6641729724549916,1.036245270701978,0.4155252321384752,12,4,2023,0,False,False,False,False,True,False,False,False,False,False,False,True,False,False,False,False,True,True,False,False,False
ORD200389,2023-12-17,C29703,0.7492457523687547,1.7305730647708912,558 Main St,TRK40543461,0.6641729724549916,2.1211386608195246,1.2389302895242733,12,4,2023,1,True,False,False,False,False,False,False,False,False,False,False,False,False,True,False,False,False,False,False,False,True
ORD200390,2023-07-14,C55996,1.4599927111375337,0.7726084960003142,885 Main St,TRK30547638,1.9793669773163614,1.8199524462089771,0.30287944460895905,7,3,2023,0,False,False,False,False,True,False,False,False,False,False,True,False,False,False,False,False,False,False,True,False,False
ORD200391,2025-01-16,C60037,-0.6722481651688036,0.8678417726054928,516 Main St,TRK82009557,-1.0894190340268348,0.0015597630443520837,0.9343383794111293,1,1,2025,0,False,True,False,False,False,False,False,True,False,False,False,False,False,False,False,False,False,False,False,False,True
ORD200392,2024-02-28,C95100,-1.3829951239375826,1.3738922259139899,197 Main St,TRK47366265,-1.966215037267748,-0.5209442633731024,2.722763520210614,2,1,2024,0,False,False,False,True,False,False,False,False,False,True,True,False,False,False,False,False,True,False,False,False,False
ORD200393,2024-07-14,C39906,-1.3829951239375826,-1.4277520473206107,921 Main St,TRK24632134,-1.0894190340268348,-1.195501212656405,-1.1855818796018183,7,3,2024,1,False,False,False,False,True,False,True,False,False,False,False,False,True,False,True,False,False,False,True,False,False
ORD200394,2023-07-05,C70148,1.4599927111375337,0.8784457975444813,359 Main St,TRK34848650,1.9793669773163614,1.9473656369770977,0.3705716866562034,7,3,2023,0,True,False,False,False,False,False,False,False,True,False,False,False,False,True,True,False,False,True,False,False,False
ORD200395,2025-04-25,C30010,0.03849879359997556,-1.161890369424428,830 Main St,TRK35386084,0.6641729724549916,-0.8202003452759451,-0.9934673222288193,4,2,2025,0,False,False,False,True,False,False,False,False,True,False,True,False,False,False,False,True,False,False,False,False,True
ORD200396,2023-12-01,C99217,1.4599927111375337,-0.3515196214553769,778 Main St,TRK82004594,1.9793669773163614,0.4666606654522766,-0.41609913391392844,12,4,2023,0,False,False,False,False,False,True,False,False,False,True,False,False,False,True,False,True,False,False,False,False,False
ORD200397,2023-09-28,C30184,-1.3829951239375826,0.3584426798425779,987 Main St,TRK86674704,-1.966215037267748,-0.765435883702265,1.42382533005381,9,3,2023,0,False,False,True,False,False,False,False,False,False,True,False,False,False,False,False,False,True,False,False,False,True
ORD200398,2024-09-04,C50275,1.4599927111375337,-1.5347055620162504,729 Main St,TRK98925264,0.6641729724549916,-0.9577284087148233,-1.0978474428928209,9,3,2024,0,False,False,False,True,False,False,False,False,True,False,False,False,False,True,False,True,False,False,False,True,False
ORD200399,2024-01-07,C64641,1.4599927111375337,0.34256201091480976,319 Main St,TRK32012588,-0.2126230307859216,1.3022371034713986,1.4035111672917893,1,1,2024,1,False,False,False,False,False,True,False,True,False,False,False,False,True,False,False,False,False,True,False,False,False
ORD200400,2024-09-28,C56266,0.7492457523687547,-0.9954223989707305,304 Main St,TRK60088901,1.5409689756959049,-0.50423273461272,-0.8857009926800484,9,3,2024,1,True,False,False,False,False,False,False,True,False,False,False,False,True,False,False,False,True,False,False,True,False
ORD200401,2025-04-09,C98635,-1.3829951239375826,0.924768643330591,197 Main St,TRK14225465,0.22577497083453502,-0.6290805591237644,-0.7651717358804705,4,2,2025,0,False,False,False,False,True,False,False,True,False,False,False,False,True,False,True,False,False,False,False,False,True
ORD200402,2023-04-09,C83026,1.4599927111375337,-0.0965663902667667,858 Main St,TRK79746259,-0.2126230307859216,0.7735884140667567,0.8417888711087604,4,2,2023,1,False,False,False,False,True,False,False,False,True,False,False,False,False,True,True,False,False,False,False,False,True
ORD200403,2024-11-10,C28893,-1.3829951239375826,1.338427089874022,740 Main St,TRK98333066,-1.966215037267748,-0.5294832682002277,2.6773973867580505,11,4,2024,1,False,False,False,False,False,True,False,False,False,True,False,False,True,False,False,False,False,False,False,False,True
ORD200404,2023-03-09,C45482,-0.6722481651688036,-1.3055267072343697,440 Main St,TRK54571699,0.22577497083453502,-1.045011941604394,-1.1334659923880723,3,1,2023,0,False,False,True,False,False,False,False,False,False,False,True,False,False,False,True,False,False,False,False,True,False
ORD200405,2025-01-26,C97774,0.7492457523687547,0.48482845076612585,603 Main St,TRK64664424,0.6641729724549916,0.92137794253394,0.3283440032697942,1,1,2025,1,False,False,True,False,False,False,False,False,False,True,False,False,False,False,False,False,True,False,False,False,False
ORD200406,2023-12-10,C11657,0.7492457523687547,-1.4729586799552479,572 Main St,TRK50284486,1.5409689756959049,-0.964141824357514,-1.1571910884076135,12,4,2023,1,False,False,False,False,False,True,False,False,False,False,False,False,True,False,False,False,True,False,True,False,False
ORD200407,2023-08-13,C85993,0.7492457523687547,0.9686053780066033,250 Main St,TRK72547640,1.1025709740754481,1.3872973189381699,0.42823665027938346,8,3,2023,1,False,False,False,False,False,True,False,False,False,False,False,False,True,False,False,False,False,False,False,True,False
ORD200408,2025-01-01,C11906,0.03849879359997556,0.28472187488396067,536 Main St,TRK31140158,0.22577497083453502,0.224709979320599,-0.009166863888788084,1,1,2025,0,False,False,False,False,True,False,False,False,False,True,False,True,False,False,False,False,True,False,True,False,False
ORD200409,2023-06-28,C45187,1.4599927111375337,-1.3814799384959315,767 Main St,TRK12320793,1.5409689756959049,-0.7732663588012453,-1.0445149105032574,6,2,2023,0,True,False,False,False,False,False,False,False,False,True,True,False,False,False,False,True,False,False,True,False,False
ORD200410,2024-01-18,C37375,-0.6722481651688036,0.8210115572050773,184 Main St,TRK52470162,-0.2126230307859216,-0.020991027958327774,-0.002501482049620214,1,1,2024,0,False,False,False,False,False,True,False,True,False,False,False,False,False,True,True,False,False,False,False,False,False
ORD200411,2024-06-19,C66567,-0.6722481651688036,-1.6078682603991312,981 Main St,TRK21174822,-0.2126230307859216,-1.190602584708369,-1.2452869130316633,6,2,2024,0,True,False,False,False,False,False,False,False,False,True,False,False,False,True,True,False,False,True,False,False,False
ORD200412,2025-04-11,C42451,1.4599927111375337,-1.1334776710233094,246 Main St,TRK31313343,1.9793669773163614,-0.474706590596752,-0.9162299270261665,4,2,2025,0,False,False,False,False,False,True,True,False,False,False,False,False,True,False,True,False,False,True,False,False,False
ORD200413,2023-10-08,C13923,-1.3829951239375826,-1.205574893216148,123 Main St,TRK87598790,0.22577497083453502,-1.1420072181814676,-1.2193522822338887,10,4,2023,1,False,False,False,False,False,True,False,False,False,True,True,False,False,False,False,True,False,False,False,False,False
ORD200414,2025-05-04,C11829,-0.6722481651688036,-1.100194224324856,797 Main St,TRK84229257,-0.6510210324063782,-0.9461353964387978,-0.8949422420870523,5,2,2025,1,True,False,False,False,False,False,False,False,False,False,True,False,False,False,False,False,True,True,False,False,False
ORD200415,2025-04-06,C62169,-1.3829951239375826,-0.8740088502673784,655 Main St,TRK64558985,-0.2126230307859216,-1.0621754634672136,-1.1088250643945246,4,2,2025,1,False,False,False,False,False,False,False,False,True,False,False,False,False,True,False,False,False,True,False,False,False
ORD200416,2023-07-18,C20881,-0.6722481651688036,1.4593840059244987,652 Main St,TRK26263902,-0.2126230307859216,0.28641314581818067,0.32413467880883706,7,3,2023,0,False,True,False,False,False,False,False,False,True,False,False,False,False,False,False,False,True,False,False,False,True
ORD200417,2023-10-24,C44492,1.4599927111375337,-1.5271964917245262,954 Main St,TRK51429869,-0.2126230307859216,-0.9486885466660785,-0.9882381173918592,10,4,2023,0,False,True,False,False,False,False,False,False,False,True,False,False,False,False,True,False,False,False,True,False,False
ORD200418,2023-01-11,C74169,-1.3829951239375826,-0.23076565325062215,862 Main St,TRK66144809,-1.0894190340268348,-0.9073006377185815,-0.6751966528908606,1,1,2023,0,False,False,False,False,True,False,False,False,False,True,False,False,False,False,True,False,False,True,False,False,False
ORD200419,2024-04-17,C70999,-0.6722481651688036,-0.709062988656598,885 Main St,TRK75644156,0.22577497083453502,-0.7577886490502186,-0.8791387320788989,4,2,2024,0,False,False,False,False,False,True,False,True,False,False,False,True,False,False,False,False,False,False,False,True,False
ORD200420,2024-11-29,C11921,-1.3829951239375826,0.48853224895055725,439 Main St,TRK91362635,-0.2126230307859216,-0.7341139833063434,-0.7602392235165294,11,4,2024,0,False,False,False,True,False,False,False,True,False,False,False,False,False,True,False,False,False,False,False,True,False
ORD200421,2023-10-15,C50683,-0.6722481651688036,-0.3460400296208755,769 Main St,TRK53032122,-0.2126230307859216,-0.5829772626751655,-0.5996470051831629,10,4,2023,1,False,False,False,False,False,False,False,True,False,False,False,False,False,False,True,False,False,False,False,False,False
ORD200422,2023-06-05,C76140,0.7492457523687547,-0.7601043718557506,914 Main St,TRK25861469,0.22577497083453502,-0.2776009498447266,-0.4539475127767134,6,2,2023,0,False,False,False,True,False,False,False,False,True,False,False,False,True,False,False,False,True,False,False,False,True
ORD200423,2024-07-20,C94311,0.7492457523687547,1.6681666022112913,195 Main St,TRK97308771,0.22577497083453502,2.0610357942251674,1.6168423270322418,7,3,2024,1,False,False,False,False,True,False,False,False,True,False,False,False,False,False,False,False,True,False,True,False,False
ORD200424,2023-04-12,C49491,1.4599927111375337,-1.6919394054895844,339 Main St,TRK64012257,1.9793669773163614,-1.1470157903976639,-1.273415213801822,4,2,2023,0,False,False,False,False,False,False,False,False,False,False,False,True,False,False,True,False,False,False,False,False,False
ORD200425,2023-03-09,C40648,-0.6722481651688036,-0.2766826033452873,488 Main St,TRK25325993,-0.2126230307859216,-0.5495786372139917,-0.5641588767541762,3,1,2023,0,False,True,False,False,False,False,False,False,True,False,False,False,True,False,False,False,True,False,False,False,False
ORD200426,2025-03-16,C40967,1.4599927111375337,-1.51684615159269,315 Main St,TRK24839296,1.9793669773163614,-0.9362281962745652,-1.1614277126968173,3,1,2025,1,False,False,True,False,False,False,False,False,False,False,False,False,False,False,True,False,False,True,False,False,False
ORD200427,2024-12-18,C25406,-1.3829951239375826,-0.9902472289048124,379 Main St,TRK70952564,-1.0894190340268348,-1.090162387728936,-0.9990333966445197,12,4,2024,0,True,False,False,False,False,False,True,False,False,False,False,True,False,False,False,False,True,False,False,True,False
ORD200428,2024-11-26,C77085,0.7492457523687547,-0.4760788617674243,895 Main St,TRK57227640,1.1025709740754481,-0.004059610661624634,-0.4957656987394245,11,4,2024,0,False,False,False,False,False,False,False,False,False,True,False,False,False,False,False,False,True,False,False,False,False
ORD200429,2024-12-19,C38126,0.7492457523687547,0.8055875209301845,522 Main St,TRK90838498,1.5409689756959049,1.2302969040051033,0.13821357681011007,12,4,2024,0,False,False,False,False,True,False,True,False,False,False,False,True,False,False,False,True,False,True,False,False,False
ORD200430,2023-06-07,C87448,-1.3829951239375826,0.47518842809431755,433 Main St,TRK44134016,0.22577497083453502,-0.7373267991425866,-0.8610204026718785,6,2,2023,0,False,False,False,True,False,False,False,False,True,False,False,False,False,True,False,False,False,False,True,False,False
ORD200431,2024-10-06,C62312,-1.3829951239375826,-1.5417579996550994,651 Main St,TRK59623037,0.22577497083453502,-1.222950631607121,-1.2910251482941382,10,4,2024,1,False,False,False,False,True,False,False,True,False,False,False,False,False,False,False,False,True,True,False,False,False
ORD200432,2023-09-04,C58443,-0.6722481651688036,0.3445407524106019,662 Main St,TRK77163738,0.22577497083453502,-0.2504324995793096,-0.42989069808942165,9,3,2023,0,False,False,False,False,False,True,True,False,False,False,False,False,True,False,True,False,False,False,False,False,True
ORD200433,2023-08-26,C36613,0.03849879359997556,1.3964194367891625,785 Main St,TRK13282106,-1.0894190340268348,1.0277062658748528,2.7515797766525854,8,3,2023,1,False,False,True,False,False,False,True,False,False,False,False,False,True,False,False,False,False,True,False,False,False
ORD200434,2023-10-22,C73893,1.4599927111375337,-0.14578124285441876,384 Main St,TRK85939879,0.22577497083453502,0.7143406695580908,0.424385829223324,10,4,2023,1,False,False,False,False,True,False,True,False,False,False,False,False,True,False,True,False,False,True,False,False,False
ORD200435,2023-05-27,C48601,-1.3829951239375826,0.2945648454014914,101 Main St,TRK97868309,-1.0894190340268348,-0.7808158652149267,-0.4512000168546935,5,2,2023,1,False,False,False,False,True,False,False,True,False,False,False,False,True,False,False,False,False,False,False,True,False
ORD200436,2023-02-11,C14568,0.7492457523687547,-0.6853688276685221,651 Main St,TRK73545796,-0.2126230307859216,-0.2056241022890443,-0.19868567117752992,2,1,2023,1,False,True,False,False,False,False,False,False,False,True,False,True,False,False,True,False,False,False,True,False,False
ORD200437,2024-04-18,C63378,-1.3829951239375826,0.7913811717296247,955 Main St,TRK20863705,-1.5278170356472913,-0.6611965014563999,0.3148862181264474,4,2,2024,0,False,False,False,True,False,False,False,False,False,True,True,False,False,False,False,False,False,False,False,True,False
ORD200438,2025-01-03,C77800,0.03849879359997556,0.5222215913404551,436 Main St,TRK27439574,-1.0894190340268348,0.39625968574022674,1.6333273025643604,1,1,2025,0,False,False,False,False,False,True,False,False,True,False,False,True,False,False,False,True,False,False,False,True,False
ORD200439,2024-09-08,C91155,-1.3829951239375826,-1.0659467753592218,321 Main St,TRK36260319,-0.6510210324063782,-1.108388704183973,-1.1104476013563473,9,3,2024,1,False,False,False,False,False,True,False,False,False,True,False,False,False,True,False,False,True,True,False,False,False
ORD200440,2024-11-05,C60215,0.7492457523687547,-1.384168997451752,978 Main St,TRK31727767,-0.6510210324063782,-0.8786296157883057,-0.8052808495767283,11,4,2024,0,True,False,False,False,False,False,False,True,False,False,False,True,False,False,False,True,False,True,False,False,False
ORD200441,2023-12-13,C52915,-0.6722481651688036,-0.14141786417138974,475 Main St,TRK79466982,0.22577497083453502,-0.48444276634384603,-0.637099485027263,12,4,2023,0,False,False,False,False,True,False,False,False,True,False,False,False,True,False,False,False,False,False,False,False,False
ORD200442,2024-05-06,C72588,1.4599927111375337,-0.21042013171696394,661 Main St,TRK43410829,1.1025709740754481,0.6365245597601111,-0.07035273271912307,5,2,2024,0,False,False,False,False,False,False,False,False,False,False,False,True,False,False,False,True,False,False,False,True,False
ORD200443,2024-05-14,C61668,-0.6722481651688036,-1.4549977956088262,813 Main St,TRK58970302,0.22577497083453502,-1.1169887891600763,-1.1971992442484691,5,2,2024,0,False,False,False,False,False,False,False,False,False,False,False,False,True,False,True,False,False,True,False,False,False
ORD200444,2024-06-08,C79508,-1.3829951239375826,-1.1225184873543064,585 Main St,TRK61882353,0.22577497083453502,-1.1220095774060683,-1.2016449955238633,6,2,2024,1,False,False,False,False,True,False,False,False,False,True,False,False,False,True,False,False,False,False,False,True,False
ORD200445,2024-03-23,C94569,-1.3829951239375826,0.6636255028474515,227 Main St,TRK31351770,-1.0894190340268348,-0.6919564644817237,-0.29383556538404637,3,1,2024,1,False,False,False,True,False,False,False,False,False,False,True,False,False,False,False,True,False,False,False,False,True
ORD200446,2023-10-18,C89592,1.4599927111375337,0.7771240855676348,262 Main St,TRK49442402,0.22577497083453502,1.82538857946802,1.408184073741839,10,4,2023,0,False,True,False,False,False,False,False,False,False,True,True,False,False,False,False,False,False,False,False,True,False
ORD200447,2024-04-07,C48207,-0.6722481651688036,0.30643729437624445,356 Main St,TRK45355655,-1.5278170356472913,-0.2687809763323025,1.357301314619078,4,2,2024,1,False,False,False,False,True,False,False,False,False,False,False,False,True,False,True,False,False,True,False,False,False
ORD200448,2023-09-04,C16776,-0.6722481651688036,-0.9965386121222031,854 Main St,TRK12860600,-0.6510210324063782,-0.8962206986939714,-0.8286453818269756,9,3,2023,0,False,True,False,False,False,False,False,False,False,False,False,True,False,False,False,True,False,False,False,True,False
ORD200449,2024-08-26,C91518,0.03849879359997556,-0.5244311860107567,286 Main St,TRK48688724,-1.0894190340268348,-0.35975375022014455,0.2944747031467178,8,3,2024,0,False,False,False,False,False,True,False,False,False,True,False,True,False,False,True,False,False,False,False,True,False
ORD200450,2024-01-15,C36408,1.4599927111375337,1.3125005025830012,160 Main St,TRK94023253,1.9793669773163614,2.469906311483939,0.6481877608240726,1,1,2024,0,False,False,True,False,False,False,False,False,True,False,False,False,True,False,False,False,True,False,False,True,False
ORD200451,2023-04-01,C14837,-1.3829951239375826,-0.8789303355261436,647 Main St,TRK17501136,0.22577497083453502,-1.0633604183573868,-1.1497129958324572,4,2,2023,1,False,False,True,False,False,False,False,True,False,False,False,False,False,False,False,True,False,False,False,False,False
ORD200452,2023-07-23,C36467,-1.3829951239375826,-1.4238453012904566,581 Main St,TRK20863987,-0.2126230307859216,-1.1945605783621438,-1.2494925288367078,7,3,2023,1,False,False,False,False,True,False,False,False,False,False,False,True,False,False,False,True,False,False,True,False,False
ORD200453,2025-05-02,C15017,-1.3829951239375826,1.619306908353653,492 Main St,TRK51241924,-1.966215037267748,-0.4618553272517794,3.0366919715840757,5,2,2025,0,False,False,False,False,False,True,False,False,False,False,False,False,False,True,False,False,True,True,False,False,False
ORD200454,2024-11-27,C54759,-1.3829951239375826,-1.2538257435366194,686 Main St,TRK75583042,-0.2126230307859216,-1.1536246625170843,-1.205995557964164,11,4,2024,0,False,True,False,False,False,False,False,True,False,False,False,False,False,False,False,False,False,False,True,False,False
ORD200455,2024-03-26,C58341,-1.3829951239375826,1.4379730082007989,874 Main St,TRK32856728,-1.5278170356472913,-0.5055154177412581,0.7284384389558248,3,1,2024,0,False,False,False,True,False,False,False,True,False,False,False,True,False,False,False,True,False,False,False,False,True
ORD200456,2023-06-26,C94479,1.4599927111375337,-1.489651140265905,259 Main St,TRK69089975,1.5409689756959049,-0.9034892364223541,-1.1213871061167253,6,2,2023,0,True,False,False,False,False,False,True,False,False,False,False,False,False,True,False,True,False,True,False,False,False
ORD200457,2025-05-25,C50236,0.7492457523687547,1.3162043007674327,545 Main St,TRK67692578,-0.6510210324063782,1.7220653994568251,2.6489705391869163,5,2,2025,1,True,False,False,False,False,False,False,False,False,True,False,False,True,False,False,False,True,False,False,True,False
ORD200458,2024-07-02,C31412,0.7492457523687547,0.7821977817106917,196 Main St,TRK61946127,0.6641729724549916,1.2077705450620144,0.5457083263153488,7,3,2024,0,False,False,True,False,False,False,True,False,False,False,False,False,True,False,False,False,True,False,False,False,False
ORD200459,2024-07-24,C90142,-1.3829951239375826,-0.11173674173450693,433 Main St,TRK39717191,-1.5278170356472913,-0.8786418318181012,-0.26273694028244415,7,3,2024,0,True,False,False,False,False,False,True,False,False,False,False,False,True,False,True,False,False,False,False,True,False
ORD200460,2024-10-06,C83548,-1.3829951239375826,-1.0764493263753496,474 Main St,TRK93822942,-1.5278170356472913,-1.1109174223516625,-0.8797552961243915,10,4,2024,1,False,True,False,False,False,False,False,False,False,False,False,False,True,False,False,False,True,False,False,False,True
ORD200461,2024-06-08,C29697,-1.3829951239375826,0.2303825891918212,407 Main St,TRK47776482,-0.2126230307859216,-0.7962691429063624,-0.8262829680105617,6,2,2024,1,False,False,False,False,False,True,True,False,False,False,False,False,False,True,False,False,False,False,True,False,False
ORD200462,2025-03-31,C22991,-1.3829951239375826,-0.5263084535836877,731 Main St,TRK32796086,-1.966215037267748,-0.9784590112779585,0.2920733484432199,3,1,2025,0,False,False,False,True,False,False,False,False,False,True,False,False,False,False,True,False,False,False,False,False,True
ORD200463,2023-05-26,C25276,1.4599927111375337,1.5544143346839547,214 Main St,TRK14011732,1.5409689756959049,2.761136461811072,1.0418873405161253,5,2,2023,0,False,True,False,False,False,False,False,True,False,False,False,False,False,True,False,True,False,False,False,True,False
ORD200464,2023-03-14,C39176,0.7492457523687547,0.39578508345547686,739 Main St,TRK71418686,0.22577497083453502,0.8356214133688196,0.5317761422698312,3,1,2023,0,False,False,False,False,False,True,False,False,False,True,False,False,False,False,False,False,False,False,True,False,False
ORD200465,2024-02-26,C58773,1.4599927111375337,0.7969622374869875,391 Main St,TRK65438300,1.1025709740754481,1.84927091771842,0.7350340517056339,2,1,2024,0,False,False,False,False,True,False,False,False,True,False,False,False,False,False,True,False,False,False,True,False,False
ORD200466,2023-07-18,C37412,-1.3829951239375826,0.38589137597651596,895 Main St,TRK97829604,-0.6510210324063782,-0.7588270115828446,-0.6461586497307732,7,3,2023,0,False,False,False,True,False,False,False,False,False,False,True,False,False,False,False,False,False,False,False,False,True
ORD200467,2024-08-30,C36492,-1.3829951239375826,-1.5752443941992753,572 Main St,TRK44350440,-1.5278170356472913,-1.2310132112722176,-1.1987785135579765,8,3,2024,0,True,False,False,False,False,False,False,False,False,False,False,False,False,False,False,False,True,False,False,False,False
ORD200468,2025-06-21,C90110,-1.3829951239375826,0.31430152339798273,998 Main St,TRK60203957,-0.2126230307859216,-0.7760638296244379,-0.8048135589317233,6,2,2025,1,False,False,False,True,False,False,True,False,False,False,True,False,False,False,False,False,False,False,False,False,False
ORD200469,2023-11-26,C13877,1.4599927111375337,1.6264608199153632,893 Main St,TRK17254691,-0.2126230307859216,2.7813020729961604,2.975110203735056,11,4,2023,1,False,False,False,False,False,False,False,False,False,False,False,False,False,False,True,False,False,True,False,False,False
ORD200470,2023-09-29,C25149,0.7492457523687547,-0.470802217778645,672 Main St,TRK33538608,-0.2126230307859216,0.0010222577333455643,0.020889010792016337,9,3,2023,0,False,False,False,False,False,True,False,False,False,False,False,False,False,True,False,True,False,False,False,False,False
ORD200471,2025-04-19,C52717,1.4599927111375337,0.9886464777716777,395 Main St,TRK27625571,0.6641729724549916,2.0800317205573267,1.2077312216583678,4,2,2025,1,True,False,False,False,False,False,False,False,False,True,False,False,False,False,False,False,False,False,False,False,True
ORD200472,2023-01-06,C60029,0.03849879359997556,0.7697164891987718,796 Main St,TRK86461316,1.1025709740754481,0.5750290657690545,-0.11119198804820128,1,1,2023,0,False,False,False,False,False,False,True,False,False,False,False,False,False,False,False,False,False,False,False,False,True
ORD200473,2025-02-25,C28552,-0.6722481651688036,-1.7325797115954702,449 Main St,TRK71597160,-0.6510210324063782,-1.2506565871835444,-1.2994082559302222,2,1,2025,0,False,False,False,False,False,False,False,False,False,True,False,False,False,True,True,False,False,True,False,False,False
ORD200474,2023-11-15,C72293,0.03849879359997556,-0.6447285215626363,398 Main St,TRK84378003,0.22577497083453502,-0.446646370156256,-0.6036319559613995,11,4,2023,0,False,False,False,False,True,False,True,False,False,False,False,False,False,True,False,True,False,False,False,False,True
ORD200475,2025-04-19,C29844,-0.6722481651688036,0.41709460725631586,363 Main St,TRK91642337,-1.0894190340268348,-0.2154946543638901,0.5499485562422458,4,2,2025,1,False,False,False,False,False,True,False,False,False,False,False,False,False,False,False,True,False,True,False,False,False
ORD200476,2024-01-15,C77872,-0.6722481651688036,0.7974696071012932,867 Main St,TRK19292184,-0.6510210324063782,-0.032327503608645655,0.3187803068348221,1,1,2024,0,False,False,False,True,False,False,False,False,False,True,False,False,True,False,False,False,False,False,False,False,True
ORD200477,2025-03-05,C56564,-0.6722481651688036,-0.5209303356720474,481 Main St,TRK13166044,-0.2126230307859216,-0.66719457208604,-0.6891331637016099,3,1,2025,0,False,False,False,True,False,False,False,False,False,True,False,False,False,True,False,True,False,False,True,False,False
ORD200478,2024-11-01,C16758,0.03849879359997556,-1.4898540881116273,914 Main St,TRK88544431,0.22577497083453502,-1.0570935950722435,-1.1441639194230235,11,4,2024,0,False,False,False,False,False,True,False,False,True,False,False,False,False,True,False,False,False,False,False,False,True
ORD200479,2023-02-18,C87011,0.7492457523687547,-1.6800162195534005,943 Main St,TRK21429162,1.1025709740754481,-1.163556294740908,-1.265789290081255,2,1,2023,1,False,False,True,False,False,False,True,False,False,False,False,True,False,False,True,False,False,False,True,False,False
ORD200480,2023-06-16,C21147,-1.3829951239375826,-0.10813441747293633,126 Main St,TRK93171043,0.22577497083453502,-0.8777744937026135,-0.9853824523390512,6,2,2023,0,False,False,False,False,False,False,False,True,False,False,False,True,False,False,False,False,False,False,False,False,True
ORD200481,2023-04-23,C94568,0.7492457523687547,0.6516515799498374,317 Main St,TRK58653915,-0.2126230307859216,1.0820431664056869,1.1695413373969517,4,2,2023,1,False,True,False,False,False,False,False,True,False,False,True,False,False,False,False,False,True,False,False,False,True
ORD200482,2025-03-02,C35852,0.03849879359997556,0.12682845091202963,989 Main St,TRK22302049,0.22577497083453502,0.11066112514886632,-0.11015356439263457,3,1,2025,1,False,False,True,False,False,False,False,False,False,True,False,True,False,False,True,False,False,False,False,True,False
ORD200483,2023-01-18,C66462,1.4599927111375337,-0.04308963291894666,982 Main St,TRK52743700,0.22577497083453502,0.8379668910895748,0.5338529895809642,1,1,2023,0,False,False,False,True,False,False,False,False,False,False,False,True,False,False,False,False,True,False,True,False,False
ORD200484,2024-05-29,C29092,0.7492457523687547,-1.7321738159040259,767 Main St,TRK90455340,0.22577497083453502,-1.2137886092604202,-1.2829124634850244,5,2,2024,0,False,False,False,False,False,False,False,False,False,False,False,False,False,False,True,False,False,True,False,False,False
ORD200485,2023-08-01,C46651,0.03849879359997556,0.24545146673670037,764 Main St,TRK67679195,0.22577497083453502,0.19634435813521298,-0.03428373605780396,8,3,2023,0,False,False,False,False,False,False,False,False,False,False,False,False,False,True,False,True,False,False,False,True,False
ORD200486,2023-02-03,C88981,0.7492457523687547,1.2930175093936624,558 Main St,TRK75267873,-0.2126230307859216,1.6997344969904657,1.8258770088977874,2,1,2023,0,False,False,False,False,True,False,False,False,False,False,False,False,False,True,False,True,False,False,False,False,True
ORD200487,2023-03-09,C40136,0.03849879359997556,-0.050192807519226515,211 Main St,TRK92924852,-1.0894190340268348,-0.017204058721691513,0.9011088224329994,3,1,2023,0,False,False,False,False,True,False,True,False,False,False,False,True,False,False,False,True,False,False,True,False,False
ORD200488,2024-12-05,C81573,-1.3829951239375826,-1.6223790313682742,556 Main St,TRK96522994,-1.966215037267748,-1.2423619029523314,-1.1099932910070367,12,4,2024,0,False,False,False,False,False,False,False,False,False,True,False,False,False,False,False,False,True,False,False,False,False
ORD200489,2023-09-05,C11940,0.03849879359997556,-1.0506242130071899,589 Main St,TRK85466461,0.6641729724549916,-0.7398310852506848,-0.9324692041040666,9,3,2023,0,False,False,False,False,False,True,False,False,True,False,False,False,False,False,False,False,True,False,False,False,False
ORD200490,2024-07-22,C50097,1.4599927111375337,0.5651957976721473,539 Main St,TRK62785150,1.9793669773163614,1.570256797186889,0.17022082261033314,7,3,2024,0,False,False,False,False,False,False,False,False,False,True,False,False,False,False,True,False,False,True,False,False,False
ORD200491,2023-01-05,C98168,1.4599927111375337,0.3261739723727358,481 Main St,TRK56423359,-0.2126230307859216,1.2825082153515026,1.3825479897450397,1,1,2023,0,False,False,False,True,False,False,False,False,False,False,False,True,False,False,False,False,True,True,False,False,False
ORD200492,2023-10-25,C39074,1.4599927111375337,1.2689681896755725,103 Main St,TRK13027036,0.22577497083453502,2.41749954366081,1.9324798506721568,10,4,2023,0,False,True,False,False,False,False,False,True,False,False,False,False,False,True,False,True,False,False,False,True,False
ORD200493,2025-01-28,C84908,-1.3829951239375826,0.32394154606979075,372 Main St,TRK64135970,-0.6510210324063782,-0.7737427839632737,-0.6659698260346287,1,1,2025,0,False,False,False,True,False,False,True,False,False,False,False,True,False,False,False,False,False,True,False,False,False
ORD200494,2023-07-19,C64516,0.03849879359997556,0.7578947771854493,459 Main St,TRK63920573,-1.0894190340268348,0.5664900609419293,1.9347946700710235,7,3,2023,0,False,True,False,False,False,False,False,True,False,False,False,True,False,False,False,False,False,False,False,False,True
ORD200495,2025-06-05,C63827,0.7492457523687547,0.6967060017001828,947 Main St,TRK35730581,0.22577497083453502,1.1254345042396623,0.7883965881517141,6,2,2025,0,False,False,False,True,False,False,False,True,False,False,False,True,False,False,False,True,False,True,False,False,False
ORD200496,2025-03-14,C93618,0.03849879359997556,-0.7874515940668273,249 Main St,TRK66129326,-1.0894190340268348,-0.5497374456013345,-0.041974561256843526,3,1,2025,0,False,False,False,False,True,False,False,False,False,True,False,False,False,False,False,True,False,False,True,False,False
ORD200497,2024-10-24,C93948,0.03849879359997556,-1.2386046551074485,454 Main St,TRK77358113,0.22577497083453502,-0.8756122564287921,-0.9834678587241003,10,4,2024,0,False,False,False,False,True,False,False,False,True,False,False,False,False,True,True,False,False,False,True,False,False
ORD200498,2023-07-12,C73961,0.7492457523687547,-1.1357608342876848,306 Main St,TRK32607173,1.1025709740754481,-0.6393908882712517,-0.9176902102918069,7,3,2023,0,False,False,False,False,False,True,False,False,False,False,False,False,True,False,False,False,True,False,False,True,False
ORD200499,2023-04-06,C18138,0.03849879359997556,0.9287261263221758,520 Main St,TRK20289483,-0.6510210324063782,0.6898841779072973,1.2780241586644197,4,2,2023,0,False,False,False,False,True,False,True,False,False,False,False,False,False,True,False,True,False,True,False,False,False
ORD200500,2024-04-07,C79475,1.4599927111375337,0.7721011263860084,169 Main St,TRK42168516,1.1025709740754481,1.819341644719197,0.7151579739233055,4,2,2024,1,False,True,False,False,False,False,False,False,False,False,False,False,True,False,False,False,True,True,False,False,False
ORD200501,2024-02-04,C88546,0.7492457523687547,-0.7760357777449493,226 Main St,TRK19867754,0.6641729724549916,-0.29294428326800165,-0.5932940776046433,2,1,2024,1,True,False,False,False,False,False,True,False,False,False,False,True,False,False,False,True,False,False,False,False,True
ORD200502,2023-05-20,C69332,0.03849879359997556,1.0595767498516135,745 Main St,TRK65718848,0.6641729724549916,0.7843996004358637,0.22438110639597564,5,2,2023,1,False,False,True,False,False,False,False,True,False,False,False,False,True,False,False,True,False,False,False,False,False
ORD200503,2023-08-31,C64554,0.03849879359997556,-1.1140454147954013,498 Main St,TRK95384568,-0.6510210324063782,-0.7856411969841893,-0.6817733360427821,8,3,2023,0,False,False,False,False,False,True,False,False,False,True,False,True,False,False,False,False,False,True,False,False,False
ORD200504,2025-06-11,C11676,-0.6722481651688036,0.548401863438629,805 Main St,TRK35726395,-1.5278170356472913,-0.1522644841418583,1.6668164654563817,6,2,2025,0,False,False,True,False,False,False,False,False,False,True,False,False,False,False,False,False,True,False,False,True,False
ORD200505,2023-06-11,C36014,-0.6722481651688036,0.3985756163341582,558 Main St,TRK97246526,0.6641729724549916,-0.2244123561146789,-0.5412801784284974,6,2,2023,1,False,False,False,False,True,False,False,False,False,True,False,False,False,True,True,False,False,False,False,False,False
ORD200506,2023-07-25,C23279,-0.6722481651688036,-1.5867616844440144,696 Main St,TRK58039693,-0.6510210324063782,-1.1804388479184287,-1.2061448313646517,7,3,2023,0,False,False,True,False,False,False,False,False,False,False,False,False,True,False,False,False,True,False,False,True,False
ORD200507,2023-07-05,C86481,-1.3829951239375826,-0.9377344738241733,546 Main St,TRK87513944,-0.2126230307859216,-1.0775187968904887,-1.1251283157869194,7,3,2023,0,False,False,False,True,False,False,True,False,False,False,False,True,False,False,False,False,True,False,False,False,False
ORD200508,2025-05-14,C39550,-1.3829951239375826,1.0241623507730762,976 Main St,TRK24120267,-1.966215037267748,-0.6051493567541816,2.275397629096851,5,2,2025,0,False,False,False,True,False,False,False,False,False,True,True,False,False,False,True,False,False,False,False,False,True
ORD200509,2023-02-15,C68937,-0.6722481651688036,0.3481430766721722,560 Main St,TRK31908657,-1.5278170356472913,-0.24869782334833423,1.4106503299238091,2,1,2023,0,False,True,False,False,False,False,False,False,False,False,False,False,True,False,False,False,True,False,True,False,False
ORD200510,2024-12-16,C72533,-1.3829951239375826,0.10323576384681478,389 Main St,TRK51288986,-0.2126230307859216,-0.8268825135741389,-0.8588115890211837,12,4,2024,0,False,False,False,False,True,False,False,True,False,False,True,False,False,False,False,True,False,False,False,False,False
ORD200511,2024-03-15,C11415,1.4599927111375337,1.1102629743207522,267 Main St,TRK65061457,0.6641729724549916,2.226440837657607,1.31885182444377,3,1,2024,0,False,False,True,False,False,False,False,False,False,False,True,False,False,False,False,False,True,False,False,False,False
ORD200512,2024-09-27,C14114,0.03849879359997556,1.073630888167881,856 Main St,TRK63290700,-1.0894190340268348,0.7945511211960081,2.3386765706079373,9,3,2024,0,True,False,False,False,False,False,False,False,False,True,False,True,False,False,False,False,False,False,False,True,False
ORD200513,2025-02-09,C64128,0.03849879359997556,-1.3269377049580697,533 Main St,TRK37053575,1.1025709740754481,-0.9394165800512172,-1.116937749203638,2,1,2025,1,False,False,False,False,False,True,False,False,True,False,False,False,False,True,True,False,False,False,False,False,True
ORD200514,2023-04-16,C15629,0.03849879359997556,-0.2651653131005482,492 Main St,TRK64926044,-1.0894190340268348,-0.17248201345357836,0.6261212581432832,4,2,2023,1,False,False,False,False,True,False,False,False,True,False,False,False,False,True,False,False,True,False,False,True,False
ORD200515,2023-03-14,C67561,0.03849879359997556,1.0000622940935557,160 Main St,TRK75900717,-0.6510210324063782,0.7414113915851429,1.3464627677141021,3,1,2023,0,False,False,False,True,False,False,False,False,True,False,False,False,False,True,False,False,False,True,False,False,False
ORD200516,2024-04-07,C47022,0.03849879359997556,-0.9610734760822351,208 Main St,TRK28855040,1.1025709740754481,-0.6751472074829764,-0.9414360387280826,4,2,2024,1,False,False,True,False,False,False,False,False,False,False,False,False,True,False,True,False,False,True,False,False,False
ORD200517,2024-04-09,C55205,0.7492457523687547,-0.8019623650359702,943 Main St,TRK88141634,0.6641729724549916,-0.31791384817021057,-0.6122453093187327,4,2,2024,0,False,False,False,False,False,True,False,False,False,False,False,False,False,False,False,False,False,False,True,False,False
ORD200518,2025-06-13,C30686,0.7492457523687547,0.23931229440360133,319 Main St,TRK59807273,1.5409689756959049,0.684924469810283,-0.18372660151706316,6,2,2025,0,False,False,False,False,True,False,False,False,False,True,False,True,False,False,False,True,False,False,False,False,True
ORD200519,2025-05-10,C71797,0.7492457523687547,0.5473363872485871,941 Main St,TRK66010667,-0.2126230307859216,0.9815785373666627,1.0627913856047109,5,2,2025,1,False,True,False,False,False,False,False,True,False,False,False,False,True,False,False,True,False,False,False,False,False
ORD200520,2023-03-10,C66332,0.03849879359997556,1.4184392780500297,959 Main St,TRK27063398,-0.2126230307859216,1.0436115366687255,1.1287053271417975,3,1,2023,0,False,False,True,False,False,False,False,False,False,False,False,False,True,False,True,False,False,False,False,False,True
ORD200521,2024-02-25,C82318,-1.3829951239375826,0.8708859902913264,991 Main St,TRK37534165,-1.5278170356472913,-0.6420539827666929,0.3657365265099716,2,1,2024,1,False,False,False,True,False,False,True,False,False,False,False,False,False,True,True,False,False,True,False,False,False
ORD200522,2024-04-20,C66254,-1.3829951239375826,0.8062471014287819,740 Main St,TRK82843861,-1.966215037267748,-0.6576172047262886,1.9966457790557064,4,2,2024,1,False,False,False,False,False,False,False,False,True,False,False,False,False,False,False,False,False,False,False,False,False
ORD200523,2025-02-18,C65083,0.7492457523687547,1.5290965909301006,652 Main St,TRK60937148,0.22577497083453502,1.927099243546195,1.498245692036079,2,1,2025,0,True,False,False,False,False,False,True,False,False,False,False,False,True,False,False,False,True,False,True,False,False
ORD200524,2023-10-25,C44778,-1.3829951239375826,-1.0320544851236015,103 Main St,TRK92617366,-0.6510210324063782,-1.1002283962805113,-1.0996090544513712,10,4,2023,0,False,False,False,True,False,False,True,False,False,False,False,False,True,False,True,False,False,False,False,False,True
ORD200525,2023-12-03,C54499,-1.3829951239375826,1.5833344026993794,160 Main St,TRK18061555,-1.966215037267748,-0.4705164923768607,2.990676823346783,12,4,2023,1,False,False,True,False,False,False,False,True,False,False,False,False,False,True,False,True,False,False,False,False,False
ORD200526,2024-02-29,C91201,-0.6722481651688036,-1.5724031243591634,837 Main St,TRK63526023,0.6641729724549916,-1.1735245750541186,-1.2616309596390982,2,1,2024,0,True,False,False,False,False,False,False,False,False,False,False,False,True,False,False,False,True,False,True,False,False
ORD200527,2024-08-19,C27202,1.4599927111375337,1.5071782235920952,967 Main St,TRK75406128,1.9793669773163614,2.7042708431125484,0.7727012472743487,8,3,2024,0,False,False,False,False,False,False,True,False,False,False,False,False,False,False,False,True,False,False,False,False,True
ORD200528,2025-02-26,C32011,-1.3829951239375826,1.3824667723957558,686 Main St,TRK70997744,-1.5278170356472913,-0.5188797543376459,0.6929373302311433,2,1,2025,0,False,False,False,False,False,False,True,False,False,False,False,False,True,False,False,True,False,False,False,False,True
ORD200529,2024-04-07,C21181,-0.6722481651688036,1.6169222711664162,938 Main St,TRK50363421,-0.6510210324063782,0.36227469084886427,0.8428921962428,4,2,2024,1,False,False,False,False,False,True,False,False,False,False,False,True,False,False,False,False,False,False,True,False,False
ORD200530,2024-07-18,C98450,0.7492457523687547,-1.354690822860591,613 Main St,TRK14809530,1.5409689756959049,-0.8502395625433284,-1.0899531567096796,7,3,2024,0,False,False,False,False,False,False,False,False,False,True,False,True,False,False,True,False,False,False,True,False,False
ORD200531,2024-07-02,C64502,1.4599927111375337,-0.1846964922716654,722 Main St,TRK14914388,0.22577497083453502,0.6674921952919601,0.38290296756605635,7,3,2024,0,True,False,False,False,False,False,False,False,True,False,True,False,False,False,True,False,False,False,False,False,True
ORD200532,2025-05-03,C47365,-0.6722481651688036,-1.6003084531459764,369 Main St,TRK42207882,0.6641729724549916,-1.1869622078292799,-1.2718297633991267,5,2,2025,1,False,True,False,False,False,False,False,False,False,True,True,False,False,False,True,False,False,False,False,False,False
ORD200533,2023-03-05,C66349,-1.3829951239375826,1.0626209675374478,715 Main St,TRK63550793,-1.966215037267748,-0.5958896061691158,2.3245929497793165,3,1,2023,1,True,False,False,False,False,False,False,False,True,False,False,False,True,False,False,False,False,True,False,False,False
ORD200534,2024-06-06,C73289,0.03849879359997556,1.4824185864139774,906 Main St,TRK70872738,-0.6510210324063782,1.0898247773854848,1.8092265345955627,6,2,2024,0,False,False,False,False,False,False,False,True,False,False,False,False,False,False,False,True,False,False,False,False,False
ORD200535,2024-07-24,C48649,0.03849879359997556,-1.4627098137462728,332 Main St,TRK45821445,-1.0894190340268348,-1.0374868672503035,-0.9057483382527917,7,3,2024,0,False,False,True,False,False,False,False,False,False,True,False,False,False,False,False,False,False,False,False,False,False
ORD200536,2024-06-09,C18724,-1.3829951239375826,1.317574198726058,124 Main St,TRK52508861,0.22577497083453502,-0.5345040564462198,-0.68142719482426,6,2,2024,1,False,False,False,False,False,False,False,False,False,False,False,False,True,False,True,False,False,False,False,False,False
ORD200537,2025-03-23,C68553,0.03849879359997556,-0.5527424104890143,385 Main St,TRK58218971,-0.6510210324063782,-0.3802033840979811,-0.14326954378343662,3,1,2025,1,False,False,False,False,False,True,False,False,False,True,True,False,False,False,False,True,False,True,False,False,False
ORD200538,2024-05-24,C61280,0.03849879359997556,0.6815356502324426,100 Main St,TRK95487711,-1.0894190340268348,0.5113346864147901,1.8371179449692956,5,2,2024,0,False,False,False,True,False,False,False,False,False,False,False,False,False,True,False,False,True,False,False,False,False
ORD200539,2025-02-18,C53277,0.03849879359997556,0.8894557181749152,473 Main St,TRK17653832,0.6641729724549916,0.6615185567219113,0.1311176818304053,2,1,2025,0,True,False,False,False,False,False,False,False,True,False,True,False,False,False,False,True,False,False,True,False,False
ORD200540,2024-01-29,C87281,1.4599927111375337,1.4827230081825604,852 Main St,TRK81765057,0.6641729724549916,2.674830211305149,1.6591673626363603,1,1,2024,0,False,True,False,False,False,False,False,False,False,True,False,True,False,False,True,False,False,False,False,False,True
ORD200541,2023-08-07,C69009,1.4599927111375337,0.5055798679912286,879 Main St,TRK61295842,1.9793669773163614,1.498487622137732,0.132091204007499,8,3,2023,0,False,False,False,False,True,False,False,False,False,False,False,True,False,False,True,False,False,False,False,True,False
ORD200542,2023-11-14,C49726,-1.3829951239375826,-1.7171049383591466,934 Main St,TRK20739460,0.22577497083453502,-1.2651692305807187,-1.3284083998945337,11,4,2023,0,False,False,False,False,False,True,False,False,False,False,False,False,False,False,False,False,False,False,False,False,False
ORD200543,2024-03-09,C37531,1.4599927111375337,-0.4391423538459698,354 Main St,TRK93877673,0.22577497083453502,0.36117524816726004,0.11166887211469,3,1,2024,1,True,False,False,False,False,False,False,False,False,False,False,False,False,True,False,False,True,True,False,False,False
ORD200544,2024-03-10,C48713,1.4599927111375337,-1.6461746662792112,373 Main St,TRK96334419,-0.2126230307859216,-1.0919214960195025,-1.140432084410831,3,1,2024,1,False,False,False,False,True,False,True,False,False,False,False,False,True,False,False,False,False,False,False,False,True
ORD200545,2023-12-19,C74138,-0.6722481651688036,-1.3087231358044955,964 Main St,TRK74091695,-1.0894190340268348,-1.0465511613586396,-0.921800637261758,12,4,2023,0,False,False,True,False,False,False,False,False,False,False,False,False,True,False,True,False,False,False,False,True,False
ORD200546,2024-03-01,C82399,-1.3829951239375826,-1.0032358910310382,928 Main St,TRK77177284,0.22577497083453502,-1.0932896913566097,-1.1762144328755617,3,1,2024,0,False,False,True,False,False,False,True,False,False,False,False,False,True,False,False,False,True,False,False,True,False
ORD200547,2023-08-20,C40427,-1.3829951239375826,1.3068179629027774,411 Main St,TRK25392280,-0.6510210324063782,-0.5370938547628873,-0.35165196579032965,8,3,2023,1,False,False,False,True,False,False,False,False,False,True,True,False,False,False,False,False,False,True,False,False,False
ORD200548,2024-01-05,C17103,0.03849879359997556,0.3536734054681044,922 Main St,TRK64398650,-0.2126230307859216,0.27451473279726507,0.3114918708023141,1,1,2024,0,False,False,False,False,True,False,False,False,False,True,True,False,False,False,False,False,True,False,False,True,False
ORD200549,2025-02-25,C34266,0.7492457523687547,1.3874897315773822,550 Main St,TRK56378197,1.1025709740754481,1.7907194869081036,0.6961499534155523,2,1,2025,0,False,False,True,False,False,False,False,True,False,False,False,False,False,False,False,False,True,False,False,True,False
ORD200550,2023-10-29,C97485,0.7492457523687547,-0.6469102109041507,573 Main St,TRK81794737,-0.6510210324063782,-0.1685850999487815,0.13780253411311477,10,4,2023,1,False,True,False,False,False,False,False,False,False,False,False,False,False,True,False,False,False,False,True,False,False
ORD200551,2023-05-18,C23947,-1.3829951239375826,-1.194514235624284,353 Main St,TRK74812710,0.22577497083453502,-1.1393441236860264,-1.2169941951827064,5,2,2023,0,False,True,False,False,False,False,False,True,False,False,True,False,False,False,False,False,True,False,False,False,False
ORD200552,2023-09-30,C21665,0.7492457523687547,0.3489041310936309,560 Main St,TRK29890761,1.1025709740754481,0.7904709672442775,0.03188332124532707,9,3,2023,1,False,False,False,False,False,False,False,False,False,True,False,False,True,False,False,False,True,True,False,False,False
ORD200553,2023-08-23,C82550,-0.6722481651688036,-0.11457801157461882,828 Main St,TRK74103758,-0.6510210324063782,-0.4715182068201001,-0.2645541816796856,8,3,2023,0,False,False,False,True,False,False,False,False,True,False,False,False,False,False,False,False,False,False,False,False,True
ORD200554,2025-05-30,C61943,-0.6722481651688036,0.6924948339014453,610 Main St,TRK66126496,-0.2126230307859216,-0.08287743490284355,-0.0682596600383718,5,2,2025,0,False,True,False,False,False,False,False,False,False,False,False,False,True,False,False,False,False,False,False,True,False
ORD200555,2023-01-07,C88933,-1.3829951239375826,-1.3413470020043512,333 Main St,TRK89306964,-1.5278170356472913,-1.1746973139144963,-1.049180605677921,1,1,2023,1,False,False,False,False,False,True,False,False,False,False,False,False,False,True,True,False,False,True,False,False,False
ORD200556,2023-01-28,C30923,-1.3829951239375826,1.5112371805065405,932 Main St,TRK82609328,-1.5278170356472913,-0.4878754707164101,0.775297306413265,1,1,2023,1,False,True,False,False,False,False,False,False,True,False,False,True,False,False,False,True,False,True,False,False,False
ORD200557,2023-06-29,C56969,-1.3829951239375826,-1.5231882717715113,130 Main St,TRK40719215,-1.966215037267748,-1.2184795647019309,-0.9831109005924994,6,2,2023,0,False,False,False,False,False,True,False,True,False,False,False,True,False,False,False,False,True,True,False,False,False
ORD200558,2024-07-16,C76766,0.7492457523687547,1.3785600263656022,485 Main St,TRK32052962,0.22577497083453502,1.7821194019320004,1.3698705676166647,7,3,2024,0,False,False,False,True,False,False,False,False,False,True,True,False,False,False,False,False,True,False,False,True,False
ORD200559,2024-04-15,C22981,0.03849879359997556,-1.009730222094151,454 Main St,TRK10115285,0.6641729724549916,-0.710292725204921,-0.9100503791115674,4,2,2024,0,True,False,False,False,False,False,False,True,False,False,False,False,False,False,False,False,True,False,False,False,False
ORD200560,2023-01-31,C33634,0.7492457523687547,1.179315978827757,524 Main St,TRK93168008,0.6641729724549916,1.5902300059026968,0.8359848246053263,1,1,2023,0,False,False,True,False,False,False,False,False,True,False,False,True,False,False,True,False,False,False,False,False,False
ORD200561,2023-01-31,C96822,-0.6722481651688036,0.7020333826503923,198 Main St,TRK89180077,-1.5278170356472913,-0.0782842076996975,1.8633381422723505,1,1,2023,0,False,False,False,False,True,False,False,False,False,True,False,False,False,True,True,False,False,False,True,False,False
ORD200562,2023-10-06,C76675,0.03849879359997556,1.56024908524847,922 Main St,TRK28043915,0.22577497083453502,1.1460429465048414,0.80664472051568,10,4,2023,0,False,True,False,False,False,False,False,False,True,False,False,False,True,False,False,False,False,False,False,False,False
ORD200563,2023-12-12,C12039,-1.3829951239375826,-1.135151990750518,844 Main St,TRK68645763,-1.966215037267748,-1.1250513688251729,-0.48674439323169005,12,4,2023,0,False,True,False,False,False,False,False,True,False,False,False,False,True,False,False,True,False,False,False,False,True
ORD200564,2025-04-08,C93309,1.4599927111375337,0.03991603598146433,734 Main St,TRK99446987,-0.2126230307859216,0.9378940148175928,1.0163738482008864,4,2,2025,0,True,False,False,False,False,False,True,False,False,False,False,False,False,False,False,False,True,False,True,False,False
ORD200565,2023-05-14,C62042,1.4599927111375337,-0.24573305687264002,214 Main St,TRK42605492,1.9793669773163614,0.5940127760714191,-0.3484393426059206,5,2,2023,1,False,False,False,False,False,True,False,False,False,True,False,True,False,False,True,False,False,True,False,False,False
ORD200566,2024-04-18,C83223,0.7492457523687547,-0.9827888955745188,167 Main St,TRK54339083,0.6641729724549916,-0.4920655689363012,-0.7444218060487031,4,2,2024,0,False,False,False,True,False,False,False,False,False,False,False,False,False,False,False,False,False,False,False,False,False
ORD200567,2024-09-30,C92575,1.4599927111375337,0.6926977817471677,153 Main St,TRK53579227,1.9793669773163614,1.7237512115686175,0.2517695303115431,9,3,2024,0,False,False,False,False,False,False,False,False,False,False,False,False,False,True,False,False,False,False,False,False,False
ORD200568,2023-03-10,C29072,-0.6722481651688036,-0.06302925876116039,312 Main St,TRK72334047,-0.6510210324063782,-0.4466952342754384,-0.23158423061544767,3,1,2023,0,False,True,False,False,False,False,False,False,False,True,True,False,False,False,True,False,False,False,True,False,False
ORD200569,2025-03-22,C25783,1.4599927111375337,-0.5364558458698016,672 Main St,TRK13289741,1.1025709740754481,0.2440235224274447,-0.33101329563594445,3,1,2025,1,True,False,False,False,False,False,False,False,False,False,False,False,False,True,False,True,False,False,False,True,False
ORD200570,2024-12-27,C63727,-0.6722481651688036,0.029058326235322587,122 Main St,TRK13611021,-1.5278170356472913,-0.4023510461174061,1.0024849318076836,12,4,2024,0,True,False,False,False,False,False,False,True,False,False,False,True,False,False,False,True,False,False,False,True,False
ORD200571,2024-11-23,C42365,-1.3829951239375826,-0.7221531247056848,867 Main St,TRK39563288,-1.5278170356472913,-1.0256128862889793,-0.6531517840362291,11,4,2024,1,False,False,False,False,False,True,False,False,True,False,False,False,True,False,False,False,True,False,True,False,False
ORD200572,2023-11-11,C27438,-1.3829951239375826,-1.4515476822315476,341 Main St,TRK69125497,-0.6510210324063782,-1.2012305306305422,-1.2337604104548747,11,4,2023,1,False,False,False,False,True,False,False,False,False,False,False,False,True,False,False,False,True,True,False,False,False
ORD200573,2023-01-25,C13205,1.4599927111375337,0.3298270335957369,522 Main St,TRK30686578,0.6641729724549916,1.2869059860779188,0.6057700088221352,1,1,2023,0,False,False,False,False,False,False,False,True,False,False,False,False,False,False,True,False,False,False,False,True,False
ORD200574,2024-01-24,C29685,1.4599927111375337,0.1434701742612562,275 Main St,TRK97733212,0.22577497083453502,1.062558598881703,0.7327219365350366,1,1,2024,0,False,False,False,False,False,False,True,False,False,False,False,True,False,False,False,False,False,False,False,False,False
ORD200575,2023-06-07,C74005,1.4599927111375337,0.46544693149964816,528 Main St,TRK61640534,0.6641729724549916,1.450173224296129,0.7296854745064826,6,2,2023,0,False,False,False,False,False,False,False,False,True,False,False,False,True,False,False,True,False,False,True,False,False
ORD200576,2024-05-29,C14457,1.4599927111375337,-1.407102104018369,747 Main St,TRK42517811,1.1025709740754481,-0.8041118340351383,-1.0270816522578952,5,2,2024,0,False,True,False,False,False,False,False,False,False,False,False,True,False,False,True,False,False,True,False,False,False
ORD200577,2023-01-22,C77046,0.7492457523687547,-0.8676159931271268,967 Main St,TRK44401497,1.5409689756959049,-0.3811440183922424,-0.8130401818919338,1,1,2023,1,False,False,False,False,False,True,False,False,False,True,False,False,True,False,False,False,True,False,True,False,False
ORD200578,2024-10-10,C50415,1.4599927111375337,1.0637371806889204,587 Main St,TRK41345634,0.22577497083453502,2.1704303410447756,1.7137077836530585,10,4,2024,0,False,False,True,False,False,False,True,False,False,False,True,False,False,False,False,True,False,False,False,True,False
ORD200579,2023-06-04,C73999,-0.6722481651688036,-0.8550839636537761,413 Main St,TRK67919507,-0.6510210324063782,-0.8281041165536991,-0.7381727208357401,6,2,2023,1,False,False,False,False,False,True,False,False,False,True,False,False,False,True,False,False,True,True,False,False,False
ORD200580,2023-11-14,C71076,-0.6722481651688036,-0.5095145193501693,340 Main St,TRK65148292,-0.6510210324063782,-0.6616973586780195,-0.5171507358962479,11,4,2023,0,False,False,True,False,False,False,True,False,False,False,True,False,False,False,False,True,False,False,False,True,False
ORD200581,2024-11-11,C44674,-1.3829951239375826,1.3746025433740179,942 Main St,TRK87158684,-1.966215037267748,-0.5207732389559641,2.723672140909235,11,4,2024,0,False,True,False,False,False,False,False,False,False,True,True,False,False,False,True,False,False,False,False,False,True
ORD200582,2024-02-19,C15228,0.03849879359997556,0.5973122942576976,558 Main St,TRK33860620,1.1025709740754481,0.4504988580326961,-0.19389269699230563,2,1,2024,0,False,False,False,False,False,True,False,False,True,False,False,False,False,True,False,False,True,False,True,False,False
ORD200583,2025-06-15,C27072,0.03849879359997556,-1.0251035214076134,996 Main St,TRK29750379,-0.6510210324063782,-0.7213970962891225,-0.5964441172205248,6,2,2025,1,False,False,False,False,False,False,False,False,True,False,True,False,False,False,True,False,False,False,False,True,False
ORD200584,2025-03-21,C15257,0.7492457523687547,-1.0723903694609038,626 Main St,TRK28779938,0.22577497083453502,-0.5783596034124281,-0.7202599127772172,3,1,2025,0,False,False,False,False,False,False,False,False,False,True,True,False,False,False,False,True,False,False,True,False,False
ORD200585,2023-08-20,C91486,0.7492457523687547,-1.467986457735052,907 Main St,TRK79617136,1.1025709740754481,-0.9593531406776384,-1.1301776508121115,8,3,2023,1,False,False,False,False,False,True,False,False,False,False,False,False,True,False,False,False,True,False,True,False,False
ORD200586,2024-11-10,C17389,-1.3829951239375826,0.8405452873558465,905 Main St,TRK98857880,-0.2126230307859216,-0.6493591685844623,-0.6701819319875205,11,4,2024,1,False,False,True,False,False,False,False,False,True,False,False,False,True,False,False,False,False,False,False,False,True
ORD200587,2023-06-12,C18820,1.4599927111375337,0.8025940402057807,347 Main St,TRK91547425,1.9793669773163614,1.8560508142549788,0.322057831497704,6,2,2023,0,False,False,True,False,False,False,False,False,True,False,True,False,False,False,False,False,False,False,False,True,False
ORD200588,2024-12-10,C61849,0.7492457523687547,1.1233531103698393,811 Main St,TRK47613918,1.5409689756959049,1.5363328824445044,0.31887044777714574,12,4,2024,0,False,False,True,False,False,False,True,False,False,False,True,False,False,False,True,False,False,False,True,False,False
ORD200589,2025-02-10,C84041,-0.6722481651688036,0.7325770334315952,900 Main St,TRK84920444,-1.0894190340268348,-0.06357610782579357,0.8189868183386118,2,1,2025,0,False,True,False,False,False,False,False,False,False,False,True,False,False,False,False,False,False,False,False,False,True
ORD200590,2023-09-10,C55757,-0.6722481651688036,0.5313035074365271,175 Main St,TRK27356242,-0.6510210324063782,-0.16049808822409353,0.14854372880038125,9,3,2023,1,False,False,False,False,True,False,False,False,True,False,False,False,True,False,True,False,False,False,False,False,False
ORD200591,2024-11-18,C18187,-1.3829951239375826,1.262676806458182,470 Main St,TRK50528185,-1.0894190340268348,-0.5477218006850604,-0.03840497994083363,11,4,2024,0,False,True,False,False,False,False,False,False,True,False,False,False,False,True,False,False,False,False,False,False,True
ORD200592,2024-04-23,C42306,0.03849879359997556,-0.7719260838690731,938 Main St,TRK15499648,-0.6510210324063782,-0.5385231302489726,-0.35355033403566216,4,2,2024,0,False,False,False,True,False,False,False,False,False,True,False,False,True,False,True,False,False,False,True,False,False
ORD200593,2023-08-02,C51024,-1.3829951239375826,0.6767663758579691,636 Main St,TRK31375086,-0.6510210324063782,-0.688792512764663,-0.5531386057094761,8,3,2023,0,False,False,True,False,False,False,False,False,True,False,False,False,False,True,False,False,False,True,False,False,False
ORD200594,2024-02-21,C40140,1.4599927111375337,-1.4397767071796557,598 Main St,TRK12671989,0.6641729724549916,-0.8434474499769741,-1.0111112527336688,2,1,2024,0,False,False,False,True,False,False,True,False,False,False,False,False,False,False,True,False,False,False,False,False,False
ORD200595,2025-01-10,C72596,-0.6722481651688036,0.14585481144849308,491 Main St,TRK83870446,0.6641729724549916,-0.34610844493845805,-0.6336442539352289,1,1,2025,0,False,False,False,False,True,False,False,False,False,True,False,True,False,False,False,True,False,False,False,False,False
ORD200596,2023-06-12,C91805,0.03849879359997556,1.2684100830998362,653 Main St,TRK34504030,0.6641729724549916,0.9352431363519472,0.3388673144221873,6,2,2023,0,True,False,False,False,False,False,False,True,False,False,False,False,True,False,False,False,False,True,False,False,False
ORD200597,2024-11-25,C40538,-0.6722481651688036,-0.7336196779889935,700 Main St,TRK29821356,-0.6510210324063782,-0.7696137658923605,-0.660485651103668,11,4,2024,0,True,False,False,False,False,False,False,False,True,False,False,False,False,False,False,False,True,False,False,False,False
ORD200598,2024-04-26,C60329,1.4599927111375337,0.7049253894519351,826 Main St,TRK59069987,-0.2126230307859216,1.7384715274723173,1.8670375265453067,4,2,2024,0,True,False,False,False,False,False,True,False,False,False,False,True,False,False,True,False,False,True,False,False,False
ORD200599,2023-06-30,C28740,0.03849879359997556,1.0176680197099635,123 Main St,TRK33642221,-0.6510210324063782,0.7541282786023639,1.3633533774866768,6,2,2023,0,False,False,False,False,False,False,False,False,False,True,False,False,False,False,False,False,False,True,False,False,False
ORD200600,2023-05-26,C87051,-1.3829951239375826,-1.4414510269068643,460 Main St,TRK82056333,-1.966215037267748,-1.1987995407012175,-0.8785546187726427,5,2,2023,0,False,False,False,False,True,False,False,False,True,False,False,False,False,False,False,False,False,True,False,False,False
ORD200601,2023-10-02,C12479,1.4599927111375337,-1.6824008567406374,529 Main St,TRK73935314,1.9793669773163614,-1.1355327223897989,-1.2673144748253686,10,4,2023,0,False,False,True,False,False,False,True,False,False,False,False,False,False,True,True,False,False,False,False,False,True
ORD200602,2024-03-05,C35852,0.7492457523687547,-1.6762109474461078,982 Main St,TRK64660134,-0.2126230307859216,-1.1598914858022276,-1.2126544496554845,3,1,2024,0,False,False,False,False,False,True,False,False,False,True,False,True,False,False,False,True,False,False,False,True,False
ORD200603,2024-10-04,C26223,-1.3829951239375826,1.5254435297071,800 Main St,TRK50900547,-0.6510210324063782,-0.48445498237364165,-0.2817368481053882,10,4,2024,0,False,False,False,False,False,True,False,False,False,False,False,True,False,False,False,True,False,False,True,False,False
ORD200604,2025-06-22,C99214,0.03849879359997556,-1.6428260268247934,252 Main St,TRK81368481,0.22577497083453502,-1.1675875845734562,-1.242002898220934,6,2,2025,1,False,False,False,False,False,False,False,True,False,False,True,False,False,False,True,False,False,True,False,False,False
ORD200605,2024-05-10,C49605,-0.6722481651688036,-0.6469102109041507,892 Main St,TRK95620066,-0.6510210324063782,-0.7278593760509957,-0.605027337748567,5,2,2024,0,False,False,True,False,False,False,False,True,False,False,False,False,False,True,False,True,False,False,False,False,True
ORD200606,2024-11-06,C85018,0.03849879359997556,-0.41433197970642155,783 Main St,TRK54128886,-1.0894190340268348,-0.28022739625078086,0.43531091143293044,11,4,2024,0,False,True,False,False,False,False,False,False,False,False,False,False,False,False,False,True,False,False,True,False,False
ORD200607,2025-05-31,C96434,0.7492457523687547,1.4086470444939294,282 Main St,TRK56730647,0.22577497083453502,1.8110958246071662,1.3955282854396214,5,2,2025,1,False,False,False,False,True,False,False,False,False,False,False,False,False,True,False,True,False,False,True,False,False
ORD200608,2024-07-24,C32956,1.4599927111375337,0.9474988020514861,788 Main St,TRK73140103,0.22577497083453502,2.030495719736164,1.5898000443351965,7,3,2024,0,False,True,False,False,False,False,False,False,False,True,False,False,False,False,False,True,False,False,False,True,False
ORD200609,2025-01-27,C41137,0.03849879359997556,0.47041915371984405,809 Main St,TRK52732162,-0.2126230307859216,0.3588419864763004,0.4010948519820128,1,1,2025,0,False,False,False,False,False,False,False,False,False,False,False,False,True,False,False,False,True,False,False,False,True
ORD200610,2024-06-16,C60361,1.4599927111375337,0.16848349624652684,623 Main St,TRK83566924,0.6641729724549916,1.0926711123278599,0.45835093629081325,6,2,2024,1,True,False,False,False,False,False,False,False,False,False,False,False,True,False,False,False,False,True,False,False,False
ORD200611,2023-04-21,C36688,-1.3829951239375826,-0.25999014303463,700 Main St,TRK35720426,-1.0894190340268348,-0.9143370708808478,-0.6876577367576592,4,2,2023,0,True,False,False,False,False,False,False,False,True,False,False,False,True,False,False,False,True,False,False,False,True
ORD200612,2023-06-02,C51811,0.03849879359997556,0.45007363218618585,339 Main St,TRK82377939,1.1025709740754481,0.3441461026321919,-0.2645217309404492,6,2,2023,0,False,False,False,False,False,False,False,False,True,False,False,False,False,False,True,False,False,False,True,False,False
ORD200613,2024-12-19,C62405,-0.6722481651688036,-0.6395533514967181,154 Main St,TRK14721763,-0.6510210324063782,-0.7243167274102712,-0.6003219805592811,12,4,2024,0,False,True,False,False,False,False,False,False,False,True,False,False,True,False,False,False,True,False,False,False,False
ORD200614,2024-03-08,C77363,-1.3829951239375826,-1.3171454714019697,807 Main St,TRK12439827,-1.0894190340268348,-1.1688702677019946,-1.138420138578171,3,1,2024,0,False,False,False,True,False,False,False,False,True,False,False,False,False,False,True,False,False,False,False,False,True
ORD200615,2025-03-07,C97218,1.4599927111375337,0.5262805482549007,252 Main St,TRK52632065,1.9793669773163614,1.523408322920758,0.14533110561597223,3,1,2025,0,False,False,True,False,False,False,True,False,False,False,False,False,True,False,False,False,True,True,False,False,False
ORD200616,2024-10-17,C43919,0.03849879359997556,1.2440056046517327,984 Main St,TRK73113192,0.6641729724549916,0.9176154053568947,0.3254883382169862,10,4,2024,0,False,False,False,False,False,True,True,False,False,False,False,False,False,False,False,True,False,True,False,False,False
ORD200617,2024-02-08,C57093,0.03849879359997556,-0.8723852675016002,834 Main St,TRK75469057,-0.6510210324063782,-0.6110863472348438,-0.4499290295679324,2,1,2024,0,False,False,False,False,False,True,False,False,False,True,False,False,False,False,True,False,False,False,False,False,True
ORD200618,2024-09-03,C50565,-1.3829951239375826,0.27868417647372296,399 Main St,TRK97981418,-0.2126230307859216,-0.7846394825409501,-0.8139257265093197,9,3,2024,0,False,False,False,False,False,True,False,True,False,False,False,False,True,False,True,False,False,False,False,True,False
ORD200619,2024-07-16,C38845,-1.3829951239375826,0.8953919426622916,764 Main St,TRK47637374,-1.5278170356472913,-0.6361536403754174,0.3814102335611793,7,3,2024,0,False,True,False,False,False,False,False,False,True,False,False,True,False,False,True,False,False,False,False,False,True
ORD200620,2024-03-27,C84834,0.03849879359997556,-1.1165822628669297,866 Main St,TRK90136001,1.1025709740754481,-0.7874736014535295,-1.0160321755478825,3,1,2024,0,False,False,False,False,False,True,False,True,False,False,False,False,True,False,False,True,False,False,False,False,True
ORD200621,2023-10-22,C37455,1.4599927111375337,0.6068001060452141,146 Main St,TRK82685594,0.6641729724549916,1.6203425193488539,0.858839416667572,10,4,2023,1,False,False,False,True,False,False,True,False,False,False,True,False,False,False,False,False,True,False,True,False,False
ORD200622,2024-11-02,C27078,1.4599927111375337,-0.6090097007155155,128 Main St,TRK89314307,0.6641729724549916,0.15667890938889614,-0.25204210379408676,11,4,2024,1,True,False,False,False,False,False,True,False,False,False,False,False,True,False,True,False,False,True,False,False,False
ORD200623,2023-06-16,C91941,0.03849879359997556,0.20085367763922995,269 Main St,TRK21330732,-0.6510210324063782,0.16413068756421276,0.5797167010351533,6,2,2023,0,False,False,False,False,True,False,False,False,True,False,False,False,False,False,False,False,False,False,False,True,False
ORD200624,2024-01-16,C25967,1.4599927111375337,-0.07332886193156608,747 Main St,TRK88559278,0.22577497083453502,0.8015631222986833,0.5016185886060858,1,1,2024,0,False,False,False,False,False,True,False,True,False,False,True,False,False,False,True,False,False,False,False,False,False
ORD200625,2023-09-24,C22123,-1.3829951239375826,1.6057094026902603,519 Main St,TRK43250279,-1.966215037267748,-0.4651292232370006,3.0192983753533356,9,3,2023,1,False,False,False,False,False,True,True,False,False,False,False,True,False,False,False,False,True,False,False,False,False
ORD200626,2024-03-01,C45671,-0.6722481651688036,1.5275237451257533,769 Main St,TRK18179773,-0.2126230307859216,0.31922540184916565,0.35899975304448395,3,1,2024,0,False,False,False,False,False,True,False,False,False,True,False,False,False,True,False,True,False,False,False,False,True
ORD200627,2023-08-06,C53334,0.03849879359997556,0.7218207976083145,879 Main St,TRK31724421,-0.6510210324063782,0.540433269387912,1.0795229867550267,8,3,2023,1,False,False,False,False,False,False,False,False,False,True,False,False,True,False,False,False,False,False,False,False,False
ORD200628,2023-03-26,C18717,1.4599927111375337,1.0259888813845768,861 Main St,TRK58568806,1.1025709740754481,2.1249867102051394,0.9181373478473291,3,1,2023,1,False,False,False,False,True,False,False,False,False,False,False,True,False,False,False,False,False,False,False,False,True
ORD200629,2023-07-07,C50137,0.03849879359997556,-1.708225970108797,840 Main St,TRK91836131,-1.0894190340268348,-1.2148269717930462,-1.2198065925831991,7,3,2023,0,False,False,False,True,False,False,False,False,False,True,False,True,False,False,True,False,False,False,False,False,True
ORD200630,2023-06-23,C51481,1.4599927111375337,-0.5457914467730263,140 Main St,TRK33437701,1.9793669773163614,0.23278477501549155,-0.540353014450313,6,2,2023,0,False,False,True,False,False,False,False,True,False,False,False,False,False,False,True,False,False,False,False,True,False
ORD200631,2024-08-31,C99128,0.03849879359997556,-1.5743818658549555,360 Main St,TRK32426808,-0.2126230307859216,-1.1181493119906583,-1.1683007792670983,8,3,2024,1,False,False,False,False,False,False,False,False,True,False,False,False,True,False,False,False,True,False,False,False,True
ORD200632,2023-05-02,C67260,1.4599927111375337,1.6324477813641702,463 Main St,TRK38229104,0.6641729724549916,2.7813020729961604,1.7399766570649686,5,2,2023,0,False,True,False,False,False,False,False,False,True,False,True,False,False,False,False,False,True,True,False,False,False
ORD200633,2024-04-10,C79533,1.4599927111375337,1.2446144481888997,921 Main St,TRK54711422,-0.2126230307859216,2.388181072151367,2.5573945530616413,4,2,2024,0,False,True,False,False,False,False,False,False,True,False,False,False,False,False,False,False,True,False,False,True,False
ORD200634,2024-04-25,C66906,-0.6722481651688036,-0.4926191111937898,117 Main St,TRK31633755,-1.5278170356472913,-0.6535614828341492,0.3351679301492315,4,2,2024,0,False,False,False,False,True,False,False,False,True,False,True,False,False,False,False,False,True,False,False,False,True
ORD200635,2023-12-13,C12818,0.03849879359997556,-1.4852370246214455,434 Main St,TRK40879983,0.22577497083453502,-1.0537586189380443,-1.141210902152506,12,4,2023,0,False,False,False,False,False,False,False,False,False,False,False,False,True,False,True,False,False,True,False,False,False
ORD200636,2023-10-05,C60384,0.7492457523687547,0.07436643279282092,336 Main St,TRK92080037,0.6641729724549916,0.5260672183482851,0.028313739929316996,10,4,2023,0,False,True,False,False,False,False,False,False,False,False,False,False,False,False,False,False,True,True,False,False,False
ORD200637,2024-09-29,C92294,0.7492457523687547,-0.25400318158582275,784 Main St,TRK23585765,0.6641729724549916,0.20981863899976136,-0.2117104707430646,9,3,2024,1,False,False,False,False,False,False,False,False,True,False,False,False,False,True,False,False,True,False,False,False,True
ORD200638,2023-10-15,C66840,0.7492457523687547,1.1256362736342145,547 Main St,TRK76929637,1.5409689756959049,1.5385317678077124,0.3201684773466035,10,4,2023,1,False,False,False,False,False,True,False,False,False,True,True,False,False,False,False,False,True,False,False,False,False
ORD200639,2023-01-20,C22534,-1.3829951239375826,0.8766192669329813,391 Main St,TRK17415798,-0.2126230307859216,-0.6406735713997898,-0.6609529417486728,1,1,2023,0,False,False,False,False,False,False,False,False,False,False,False,False,False,False,True,False,False,False,False,False,True
ORD200640,2024-02-27,C46509,-0.6722481651688036,1.1724157520731995,647 Main St,TRK24241664,0.22577497083453502,0.14822541677034,-0.07689155667526863,2,1,2024,0,False,False,False,False,False,False,False,False,True,False,False,False,True,False,False,True,False,False,False,False,True
ORD200641,2024-06-30,C71680,0.7492457523687547,1.071347724903506,814 Main St,TRK47386650,1.5409689756959049,1.4862471602825396,0.2893042186950426,6,2,2024,1,False,False,False,False,True,False,False,True,False,False,False,True,False,False,False,False,True,False,True,False,False
ORD200642,2024-04-29,C15063,1.4599927111375337,-1.3759496096999997,527 Main St,TRK10329390,0.6641729724549916,-0.7666086225626426,-0.9527926385058689,4,2,2024,0,False,False,False,False,False,False,True,False,False,False,False,False,False,False,False,False,False,False,False,False,False
ORD200643,2024-08-26,C77122,-1.3829951239375826,0.41582618322055165,647 Main St,TRK75814880,-0.6510210324063782,-0.7516195540034399,-0.6365856816560191,8,3,2024,0,False,True,False,False,False,False,False,False,False,False,False,False,False,False,False,True,False,False,False,False,True
ORD200644,2023-11-15,C86524,-0.6722481651688036,0.04980974346042555,961 Main St,TRK62490506,-1.5278170356472913,-0.3923583337446042,1.0290296365031035,11,4,2023,0,False,False,False,False,False,False,False,False,False,False,False,False,False,True,False,False,True,False,False,False,False
ORD200645,2023-01-02,C82990,-0.6722481651688036,-1.0470218887456193,727 Main St,TRK68574801,-0.6510210324063782,-0.9205305979872177,-0.8609338673672479,1,1,2023,0,False,True,False,False,False,False,True,False,False,False,False,False,False,False,False,True,False,True,False,False,False
ORD200646,2023-10-27,C98761,0.7492457523687547,0.7209582692639948,804 Main St,TRK43262630,-0.6510210324063782,1.1487915532088517,1.887546393742746,10,4,2023,0,False,False,False,False,False,False,False,True,False,False,False,False,False,True,False,True,False,False,True,False,False
ORD200647,2025-04-24,C54409,0.03849879359997556,-0.08636826101922233,667 Main St,TRK67671316,0.6641729724549916,-0.04333414645448246,-0.4038466619422214,4,2,2025,0,True,False,False,False,False,False,False,False,False,False,False,False,True,False,False,False,False,False,True,False,False
ORD200648,2025-01-18,C89674,-0.6722481651688036,1.113256455045156,182 Main St,TRK45902512,-1.0894190340268348,0.1197376352869981,1.1436240136601037,1,1,2025,1,False,False,True,False,False,False,False,False,False,True,True,False,False,False,False,False,True,False,False,False,True
ORD200649,2023-12-23,C45899,-0.6722481651688036,1.453955151051428,153 Main St,TRK32932093,0.6641729724549916,0.28379891544192215,-0.15556142022421635,12,4,2023,1,False,False,True,False,False,False,False,True,False,False,False,False,True,False,False,False,False,False,False,False,False
ORD200650,2023-05-18,C74499,-0.6722481651688036,0.08025192031876707,518 Main St,TRK93767278,0.6641729724549916,-0.37769909798988277,-0.6576207144110781,5,2,2023,0,True,False,False,False,False,False,False,False,True,False,True,False,False,False,False,True,False,False,False,False,False
ORD200651,2024-11-12,C81192,0.03849879359997556,1.4710027700920993,429 Main St,TRK76931118,-0.2126230307859216,1.081578957273454,1.1690480861605574,11,4,2024,0,False,False,False,False,False,False,False,True,False,False,False,True,False,False,True,False,False,False,True,False,False
ORD200652,2024-06-05,C71473,1.4599927111375337,-0.07393770546873293,328 Main St,TRK94857335,1.1025709740754481,0.8008301605109474,0.03876287796345546,6,2,2024,0,False,False,False,False,False,False,False,False,False,True,False,False,False,True,False,False,False,False,False,True,False
ORD200653,2024-02-25,C59338,0.03849879359997556,1.694042452540881,747 Main St,TRK12902764,0.22577497083453502,1.2426839582178428,0.8922173198822112,2,1,2024,1,False,False,False,False,True,False,True,False,False,False,False,False,False,True,False,False,True,False,True,False,False
ORD200654,2023-06-12,C62661,0.03849879359997556,0.13169919920936415,863 Main St,TRK25748100,1.1025709740754481,0.11417934172999933,-0.41724302247201356,6,2,2023,0,False,False,False,False,False,True,False,True,False,False,False,False,True,False,True,False,False,False,False,True,False
ORD200655,2023-03-14,C22101,-0.6722481651688036,-1.1355578864419626,262 Main St,TRK70711522,-0.6510210324063782,-0.9631645419738658,-0.917560407334861,3,1,2023,0,False,False,False,False,False,False,False,True,False,False,False,False,False,False,False,False,True,False,False,False,False
ORD200656,2024-01-18,C51404,-0.6722481651688036,-0.849097002204969,835 Main St,TRK85682500,0.6641729724549916,-0.8252211335219372,-0.9972779661791572,1,1,2024,0,False,False,True,False,False,False,False,False,True,False,False,False,False,True,False,True,False,True,False,False,False
ORD200657,2023-12-24,C19384,0.7492457523687547,-1.3629102106123432,532 Main St,TRK33207064,0.22577497083453502,-0.8581555498508779,-0.9680104899344691,12,4,2023,1,False,False,False,False,False,True,False,False,False,False,False,False,False,False,False,False,False,False,False,True,False
ORD200658,2025-04-18,C86864,-0.6722481651688036,-1.5731134418191912,670 Main St,TRK15323191,-0.6510210324063782,-1.1738666238883952,-1.1974155825100454,4,2,2025,0,False,False,False,False,True,False,False,False,True,False,False,False,True,False,False,True,False,False,True,False,False
ORD200659,2024-10-26,C24301,-0.6722481651688036,1.4491858766769543,964 Main St,TRK55000075,-0.6510210324063782,0.28150230184034897,0.735610052327081,10,4,2024,1,False,False,False,True,False,False,False,False,True,False,True,False,False,False,False,False,True,False,False,False,False
ORD200660,2024-10-19,C43842,-0.6722481651688036,1.497538200920287,933 Main St,TRK54084424,0.6641729724549916,0.3047860546307651,-0.13963274307900814,10,4,2024,1,False,False,False,False,False,False,False,True,False,False,False,False,False,True,False,False,True,True,False,False,False
ORD200661,2025-02-28,C63657,0.03849879359997556,0.3474327592121443,116 Main St,TRK86378984,0.22577497083453502,0.27000701780268843,0.03094224980747001,2,1,2025,0,False,False,False,False,False,True,False,True,False,False,False,False,False,False,False,False,False,False,True,False,False
ORD200662,2023-01-28,C98332,0.03849879359997556,0.41846450521494116,985 Main St,TRK85744797,-1.0894190340268348,0.32131434294421346,1.5006037790872617,1,1,2023,1,False,True,False,False,False,False,False,False,False,False,False,False,True,False,True,False,False,True,False,False,False
ORD200663,2024-04-15,C59774,-1.3829951239375826,-1.439979655025378,941 Main St,TRK87635135,0.22577497083453502,-1.1984452758371449,-1.2693264206580288,4,2,2024,0,False,False,True,False,False,False,False,True,False,False,False,False,False,False,False,False,False,False,False,True,False
ORD200664,2024-12-19,C14847,0.7492457523687547,-0.8202276711509751,188 Main St,TRK46492755,-0.2126230307859216,-0.3355049310758763,-0.336692175002324,12,4,2024,0,False,True,False,False,False,False,False,False,False,False,False,False,False,True,True,False,False,True,False,False,False
ORD200665,2023-05-02,C83653,0.7492457523687547,-0.634987024967967,253 Main St,TRK32619935,0.22577497083453502,-0.15710203194091643,-0.34724948216725077,5,2,2023,0,False,False,False,False,False,True,False,False,False,True,False,False,False,True,False,False,True,False,True,False,False
ORD200666,2024-08-31,C35711,0.7492457523687547,-0.14862251269453064,788 Main St,TRK45281495,-0.6510210324063782,0.31130941454161604,0.7751999541955558,8,3,2024,1,False,False,True,False,False,False,True,False,False,False,False,False,False,False,True,False,False,False,False,False,False
ORD200667,2023-05-03,C10477,-1.3829951239375826,0.5581433600332983,172 Main St,TRK41505339,-0.2126230307859216,-0.7173535904267785,-0.742430257823563,5,2,2023,0,False,True,False,False,False,False,False,False,True,False,False,True,False,False,False,True,False,False,False,False,False
ORD200668,2024-07-05,C61257,-0.6722481651688036,-0.5212854944020615,981 Main St,TRK25226070,-1.0894190340268348,-0.6673655965031786,-0.25028667332872445,7,3,2024,0,False,False,True,False,False,False,False,False,False,False,False,False,True,False,False,False,True,True,False,False,False
ORD200669,2023-02-05,C60547,-1.3829951239375826,-0.5043900862456818,812 Main St,TRK65694249,-0.2126230307859216,-0.9731816864062589,-1.0142636102594957,2,1,2023,1,True,False,False,False,False,False,False,True,False,False,False,False,False,False,True,False,False,False,False,False,True
ORD200670,2024-04-18,C14576,0.7492457523687547,0.927406965324981,747 Main St,TRK21637540,1.1025709740754481,1.347619654162057,0.40188665001938234,4,2,2024,0,True,False,False,False,False,False,True,False,False,False,False,True,False,False,False,False,False,False,True,False,False
ORD200671,2023-06-15,C49282,1.4599927111375337,-1.550890652712602,737 Main St,TRK88653901,0.6641729724549916,-0.9772129762388072,-1.1126357083448624,6,2,2023,0,False,False,False,False,False,False,False,False,True,False,False,False,False,False,False,False,True,False,True,False,False
ORD200672,2023-05-09,C14017,-0.6722481651688036,1.3584681896390964,984 Main St,TRK71009446,-1.5278170356472913,0.23781777929127912,2.7030334707548493,5,2,2023,0,False,False,False,True,False,False,False,True,False,False,False,False,False,True,False,True,False,False,False,True,False
ORD200673,2023-02-21,C46504,-0.6722481651688036,0.08375277065747633,131 Main St,TRK95024356,0.6641729724549916,-0.37601328587808985,-0.6563412281211836,2,1,2023,0,False,False,False,False,False,True,True,False,False,False,True,False,False,False,False,True,False,False,False,False,False
ORD200674,2024-01-09,C56928,0.7492457523687547,0.0118584963103597,860 Main St,TRK57792939,1.5409689756959049,0.46586662351556235,-0.3130391917366416,1,1,2024,0,False,True,False,False,False,False,False,False,True,False,True,False,False,False,False,True,False,True,False,False,False
ORD200675,2024-08-06,C97749,0.03849879359997556,-0.07302444016298265,906 Main St,TRK90233116,-0.2126230307859216,-0.03369569894575313,-0.0160009895719854,8,3,2024,0,True,False,False,False,False,False,False,True,False,False,False,True,False,False,True,False,False,False,False,False,False
ORD200676,2025-06-23,C90431,-0.6722481651688036,0.3344948340473491,985 Main St,TRK44151723,-0.6510210324063782,-0.25527004737836767,0.02266731130217387,6,2,2025,0,False,True,False,False,False,False,True,False,False,False,False,False,False,False,False,False,False,False,False,True,False
ORD200677,2025-04-03,C56722,1.4599927111375337,-1.696353521134044,179 Main St,TRK78778569,0.6641729724549916,-1.1523297633587504,-1.2455446646175985,4,2,2025,0,False,False,False,False,False,True,False,False,False,True,False,False,False,False,False,False,False,False,False,True,False
ORD200678,2024-11-24,C40863,0.03849879359997556,-0.9806579431944349,457 Main St,TRK20553345,-0.2126230307859216,-0.6892933699862827,-0.7126145186131085,11,4,2024,1,False,False,False,False,False,False,False,False,True,False,False,False,False,True,False,False,True,True,False,False,False
ORD200679,2023-02-02,C40798,0.03849879359997556,0.021549255943598543,304 Main St,TRK66106697,-0.2126230307859216,0.034616339671248865,0.05658482395211638,2,1,2023,0,False,False,False,False,False,True,False,False,False,True,False,False,True,False,False,False,False,False,False,True,False
ORD200680,2023-08-27,C16702,0.03849879359997556,0.5427700607198357,694 Main St,TRK16953491,-1.0894190340268348,0.41110216194188226,1.659612401345889,8,3,2023,1,False,False,True,False,False,False,True,False,False,False,False,False,True,False,True,False,False,True,False,False,False
ORD200681,2024-01-30,C38262,-1.3829951239375826,-1.0205371948788622,548 Main St,TRK47300502,0.22577497083453502,-1.09745535751691,-1.1799030002354387,1,1,2024,0,False,False,False,False,False,True,False,True,False,False,False,False,False,True,True,False,False,False,False,False,False
ORD200682,2023-07-23,C50274,0.03849879359997556,0.7763122941847458,449 Main St,TRK91729086,-0.2126230307859216,0.5797933173893391,0.6358694602099142,7,3,2023,1,False,False,True,False,False,False,True,False,False,False,False,False,False,False,False,False,False,False,True,False,False
ORD200683,2025-05-18,C91591,0.7492457523687547,1.5021552644104688,887 Main St,TRK23554043,-0.2126230307859216,1.9011523962603385,2.039896124310053,5,2,2025,1,True,False,False,False,False,False,False,False,False,False,False,True,False,False,False,False,False,False,False,True,False
ORD200684,2024-09-22,C96583,0.7492457523687547,-1.6315624213872073,288 Main St,TRK64353241,1.1025709740754481,-1.1168910609217113,-1.234798834110441,9,3,2024,1,False,False,False,False,True,False,True,False,False,False,False,False,False,True,True,False,False,False,False,False,False
ORD200685,2025-02-07,C64579,-1.3829951239375826,-0.6192078299630599,638 Main St,TRK10276565,-0.2126230307859216,-1.0008265618337044,-1.0436380194163344,2,1,2025,0,True,False,False,False,False,False,False,True,False,False,False,False,False,True,False,False,False,False,False,False,False
ORD200686,2023-10-09,C41903,0.03849879359997556,-1.536379881743459,525 Main St,TRK59112382,-0.6510210324063782,-1.0906998930399425,-1.086953266149154,10,4,2023,0,True,False,False,False,False,False,False,False,False,False,False,True,False,False,False,False,True,True,False,False,False
ORD200687,2023-09-13,C19742,-1.3829951239375826,-0.1234062428635379,408 Main St,TRK68845230,-0.2126230307859216,-0.8814515186710896,-0.9167945698888808,9,3,2023,0,False,False,False,False,False,True,False,False,True,False,False,False,True,False,False,False,False,False,False,True,False
ORD200688,2024-03-06,C20077,0.7492457523687547,1.2014880309729157,154 Main St,TRK36415742,1.1025709740754481,1.6115836259854077,0.57718554337471,3,1,2024,0,False,False,True,False,False,False,True,False,False,False,False,False,False,False,False,False,True,True,False,False,False
ORD200689,2023-08-29,C13186,-0.6722481651688036,0.4486529972661298,787 Main St,TRK56967415,0.6641729724549916,-0.20029791329816227,-0.5229779614991371,8,3,2023,0,False,False,False,False,False,True,False,False,False,True,False,False,False,True,True,False,False,True,False,False,False
ORD200690,2024-07-12,C29318,-1.3829951239375826,-1.6841259134292768,128 Main St,TRK88666721,-1.966215037267748,-1.2572288112135779,-1.1889783903085673,7,3,2024,0,False,False,True,False,False,False,False,False,True,False,False,False,True,False,True,False,False,False,False,True,False
ORD200691,2024-11-24,C36137,0.03849879359997556,-0.5953107211292618,396 Main St,TRK57376416,1.1025709740754481,-0.4109511310935093,-0.7659830043613818,11,4,2024,1,False,True,False,False,False,False,False,False,False,False,False,False,False,True,True,False,False,False,True,False,False
ORD200692,2023-01-23,C25534,1.4599927111375337,-0.8096236462119861,319 Main St,TRK68347402,-0.2126230307859216,-0.08483199967013963,-0.07033650734950486,1,1,2023,0,True,False,False,False,False,False,True,False,False,False,True,False,False,False,False,False,True,False,False,True,False
ORD200693,2025-03-12,C62070,-1.3829951239375826,-0.9124167300703192,674 Main St,TRK10267127,-0.6510210324063782,-1.0714229980224836,-1.0613496328915912,3,1,2025,0,False,False,True,False,False,False,False,True,False,False,False,False,True,False,True,False,False,False,False,False,True
ORD200694,2023-10-02,C92049,0.7492457523687547,1.5733899582589876,619 Main St,TRK32287092,1.1025709740754481,1.9697576195924347,0.8150494619779218,10,4,2023,0,False,False,False,False,True,False,False,False,False,False,False,False,False,True,False,False,False,False,False,False,False
ORD200695,2024-11-23,C52604,1.4599927111375337,-1.2943645757196443,553 Main St,TRK48839788,0.6641729724549916,-0.668391743006009,-0.8782486546598418,11,4,2024,1,False,False,False,False,True,False,False,False,False,True,False,False,False,True,False,False,False,False,False,False,False
ORD200696,2023-07-02,C22429,0.7492457523687547,-1.041187138181104,965 Main St,TRK38572927,1.5409689756959049,-0.5483081701152492,-0.9117192742722994,7,3,2023,1,False,False,False,False,False,False,False,False,True,False,False,True,False,False,False,False,True,True,False,False,False
ORD200697,2025-02-04,C27430,1.4599927111375337,-1.3270899158423615,788 Main St,TRK45025840,0.22577497083453502,-0.7077884390968229,-0.8348651068472959,2,1,2025,0,False,False,False,False,True,False,False,False,False,False,False,False,False,True,False,False,True,False,False,False,False
ORD200698,2023-01-04,C44366,-0.6722481651688036,0.16138032164624724,169 Main St,TRK48658394,-1.5278170356472913,-0.33863223470355014,1.171747987665031,1,1,2023,0,False,True,False,False,False,False,False,False,False,False,True,False,False,False,False,False,True,False,False,True,False
ORD200699,2023-11-13,C36813,0.03849879359997556,1.3076804912470967,897 Main St,TRK84088900,-1.0894190340268348,0.9636087575373333,2.6380670908034674,11,4,2023,0,False,True,False,False,False,False,False,False,True,False,False,False,False,False,True,False,False,True,False,False,False
ORD200700,2024-09-25,C40201,-0.6722481651688036,-1.3369328863598917,555 Main St,TRK30198779,-1.0894190340268348,-1.0601353864913483,-0.9458574519490495,9,3,2024,0,False,True,False,False,False,False,False,False,False,False,False,False,True,False,False,False,True,False,False,True,False
ORD200701,2024-06-23,C75456,0.03849879359997556,-1.3404337366986012,115 Main St,TRK90519490,-0.2126230307859216,-0.9491649718281068,-0.9887443489239479,6,2,2024,1,False,False,True,False,False,False,True,False,False,False,True,False,False,False,False,False,False,False,False,False,False
ORD200702,2024-06-09,C33315,0.03849879359997556,1.0458777702653597,154 Main St,TRK43589369,0.22577497083453502,0.7745046163014268,0.47765912613650385,6,2,2024,1,False,False,False,False,True,False,False,True,False,False,False,False,True,False,True,False,False,False,False,False,False
ORD200703,2023-03-22,C89336,-1.3829951239375826,-1.3375417298970584,799 Main St,TRK47665103,-1.0894190340268348,-1.1737811116798262,-1.1471169366935408,3,1,2023,0,True,False,False,False,False,False,False,False,False,False,False,True,False,False,False,False,True,False,False,False,False
ORD200704,2023-06-03,C96034,0.7492457523687547,-1.6547492127609773,819 Main St,TRK87261034,1.5409689756959049,-1.1392219633880702,-1.2605430872380285,6,2,2023,1,True,False,False,False,False,False,False,False,False,True,True,False,False,False,False,False,False,False,True,False,False
ORD200705,2025-03-30,C50114,-0.6722481651688036,-1.5593129883100767,420 Main St,TRK20214786,0.6641729724549916,-1.1672211036795883,-1.2568467935116665,3,1,2025,1,False,False,True,False,False,False,False,True,False,False,False,False,True,False,False,False,False,False,False,True,False
ORD200706,2025-03-02,C85330,1.4599927111375337,-0.6510706417414573,969 Main St,TRK97693301,1.5409689756959049,0.1060434658861291,-0.5254473082277016,3,1,2025,1,True,False,False,False,False,False,False,False,True,False,False,False,True,False,False,False,False,True,False,False,False
ORD200707,2024-11-01,C31761,0.7492457523687547,1.4897754458214096,989 Main St,TRK17628852,0.22577497083453502,1.8892295511798316,1.4647132614917424,11,4,2024,0,False,False,False,False,False,False,False,False,True,False,False,False,False,False,False,True,False,True,False,False,False
ORD200708,2025-03-04,C25268,-1.3829951239375826,1.5662360466972776,788 Main St,TRK20481215,-1.0894190340268348,-0.4746332944179783,0.09103020196030502,3,1,2025,0,False,False,False,False,True,False,False,False,False,False,False,True,False,False,False,False,False,False,False,True,False
ORD200709,2024-12-07,C17132,-1.3829951239375826,0.15026892709295234,855 Main St,TRK37504692,-0.6510210324063782,-0.8155582539536167,-0.7215092662378207,12,4,2024,1,True,False,False,False,False,False,False,False,False,True,False,True,False,False,False,False,False,False,True,False,False
ORD200710,2024-07-22,C48790,1.4599927111375337,-1.699042580089864,113 Main St,TRK19086608,1.9793669773163614,-1.1555670112545848,-1.2779583172949256,7,3,2024,0,False,True,False,False,False,False,False,False,True,False,False,False,True,False,True,False,False,False,True,False,False
ORD200711,2024-07-04,C61070,-0.6722481651688036,0.6056331559323108,632 Main St,TRK90764894,-1.5278170356472913,-0.12470512092298207,1.7400253331738231,7,3,2024,0,False,False,False,False,False,True,False,False,False,True,False,False,False,True,False,False,True,False,True,False,False
ORD200712,2024-01-09,C56969,-0.6722481651688036,-1.4612891788262168,993 Main St,TRK10513339,0.6641729724549916,-1.1200183645493853,-1.2210211773946207,1,1,2024,0,False,False,False,False,False,True,False,False,True,False,False,True,False,False,False,False,False,False,False,False,False
ORD200713,2025-06-21,C65056,0.7492457523687547,0.8933624642050689,638 Main St,TRK31705278,0.22577497083453502,1.3148318301906634,0.9561020085257113,6,2,2025,1,False,False,False,False,False,True,False,False,False,True,False,False,False,False,False,True,False,True,False,False,False
ORD200714,2023-04-21,C84888,-1.3829951239375826,-1.5458676935309756,278 Main St,TRK23612847,-1.966215037267748,-1.2239401300205646,-1.01212186146989,4,2,2023,0,False,True,False,False,False,False,False,True,False,False,False,True,False,False,False,False,False,True,False,False,False
ORD200715,2024-07-26,C68266,0.03849879359997556,1.507990014974984,281 Main St,TRK96161062,0.6641729724549916,1.1082954144364339,0.47020936357179194,7,3,2024,0,False,False,False,False,True,False,False,False,False,True,True,False,False,False,False,False,False,False,False,False,False
ORD200716,2024-06-13,C84115,0.03849879359997556,0.49659942581801786,891 Main St,TRK25466842,-0.6510210324063782,0.3777524005998908,0.8634497395490938,6,2,2024,0,False,False,False,False,False,False,True,False,False,False,False,True,False,False,False,False,True,False,True,False,False
ORD200717,2023-10-16,C50087,0.03849879359997556,-1.1887809589826297,707 Main St,TRK31143760,-0.6510210324063782,-0.8396238326509511,-0.7534732443857285,10,4,2023,0,False,False,False,False,False,False,False,False,False,True,True,False,False,False,False,False,True,False,False,False,False
ORD200718,2023-04-08,C16790,0.7492457523687547,-1.4798589067098051,718 Main St,TRK91791367,1.1025709740754481,-0.970787344566321,-1.1377711237934418,4,2,2023,1,False,True,False,False,False,False,False,False,True,False,False,False,False,False,False,True,False,False,True,False,False
ORD200719,2024-01-21,C46920,-0.6722481651688036,1.6471615001790352,703 Main St,TRK86403837,-1.0894190340268348,0.3768361983652207,1.5989295189737185,1,1,2024,1,False,True,False,False,False,False,False,True,False,False,False,False,False,True,False,False,False,True,False,False,False
ORD200720,2023-09-21,C12740,1.4599927111375337,-1.1540768773641203,305 Main St,TRK98506513,1.9793669773163614,-0.4995051310818224,-0.9294049271561671,9,3,2023,0,True,False,False,False,False,False,False,False,False,False,False,True,False,False,False,False,False,False,False,True,False
ORD200721,2024-03-18,C46557,-0.6722481651688036,-1.20664036940619,890 Main St,TRK56110689,-1.5278170356472913,-0.9973938574611404,-0.578190576400019,3,1,2024,0,True,False,False,False,False,False,True,False,False,False,True,False,False,False,True,False,False,False,False,False,False
ORD200722,2024-11-15,C58156,-1.3829951239375826,-1.3258214918065974,516 Main St,TRK49719458,-1.966215037267748,-1.1709592087970422,-0.7306441493328828,11,4,2024,0,False,False,False,False,True,False,False,False,True,False,False,True,False,False,False,False,True,False,False,True,False
ORD200723,2023-12-09,C14455,0.03849879359997556,-1.5295303919503325,385 Main St,TRK50933724,1.1025709740754481,-1.085752400972724,-1.2141196005320105,12,4,2023,1,True,False,False,False,False,False,False,False,False,False,False,False,True,False,False,True,False,False,False,False,True
ORD200724,2024-10-18,C63150,0.03849879359997556,-1.113385834296804,326 Main St,TRK19348078,-0.6510210324063782,-0.7851647718221607,-0.6811405466276712,10,4,2024,0,False,False,False,False,True,False,True,False,False,False,False,False,True,False,False,False,False,False,False,False,True
ORD200725,2023-03-12,C95269,-0.6722481651688036,-0.8197203015366694,372 Main St,TRK45670926,-0.2126230307859216,-0.8110749710186309,-0.8420150863923949,3,1,2023,1,False,False,False,False,False,False,False,False,True,False,False,False,True,False,True,False,False,False,False,False,True
ORD200726,2024-10-25,C18105,0.7492457523687547,1.149736330313735,338 Main St,TRK94006117,-0.6510210324063782,1.5617422244193546,2.436028788317301,10,4,2024,0,False,True,False,False,False,False,False,False,False,True,True,False,False,False,False,False,False,True,False,False,False
ORD200727,2024-09-29,C29063,1.4599927111375337,-1.32252358931361,379 Main St,TRK92745947,1.1025709740754481,-0.7022912256888023,-0.959462424373933,9,3,2024,1,False,False,False,False,False,False,False,False,False,True,False,False,False,True,False,True,False,False,False,True,False
ORD200728,2024-07-29,C10154,0.7492457523687547,-0.15552273944908812,827 Main St,TRK79793300,1.1025709740754481,0.3046638943328089,-0.2907419282435044,7,3,2024,0,True,False,False,False,False,False,False,False,True,False,False,False,False,True,False,False,True,False,False,False,False
ORD200729,2023-09-08,C36997,0.7492457523687547,-0.8625422969840698,819 Main St,TRK92794872,0.22577497083453502,-0.3762576064740019,-0.5413049028012491,9,3,2023,0,False,False,False,True,False,False,False,False,True,False,False,True,False,False,False,True,False,False,True,False,False
ORD200730,2025-02-22,C77357,-1.3829951239375826,0.599646194483504,407 Main St,TRK91943923,-0.6510210324063782,-0.7073608780539767,-0.5778011675291816,2,1,2025,1,False,False,False,True,False,False,False,True,False,False,True,False,False,False,False,True,False,False,False,False,False
ORD200731,2024-06-07,C71310,1.4599927111375337,1.1570424527597372,308 Main St,TRK48292586,1.1025709740754481,2.282756735015329,1.0229126721570319,6,2,2024,0,False,False,False,False,True,False,True,False,False,False,False,False,True,False,True,False,False,False,False,False,False
ORD200732,2025-03-07,C80987,-1.3829951239375826,-1.138348419320644,787 Main St,TRK42187776,-1.5278170356472913,-1.125820978702296,-0.9193451979928661,3,1,2025,0,False,True,False,False,False,False,False,False,False,True,True,False,False,False,True,False,False,False,True,False,False
ORD200733,2023-12-04,C90757,0.7492457523687547,0.7023378044189758,694 Main St,TRK87991608,1.1025709740754481,1.130858421468909,0.2579351707664696,12,4,2023,0,False,False,False,False,False,True,False,False,False,False,False,False,True,False,False,True,False,False,False,False,False
ORD200734,2024-01-23,C51898,0.7492457523687547,-0.6687271043192954,630 Main St,TRK19767885,0.22577497083453502,-0.1895966711972155,-0.376022470956907,1,1,2024,0,False,False,False,False,True,False,True,False,False,False,False,False,True,False,False,False,True,True,False,False,False
ORD200735,2024-06-28,C94508,0.7492457523687547,-1.5847322059867917,359 Main St,TRK13443264,0.22577497083453502,-1.0717894789163518,-1.1571766658568419,6,2,2024,0,False,False,True,False,False,False,False,True,False,False,False,True,False,False,True,False,False,False,False,False,False
ORD200736,2024-02-09,C59441,1.4599927111375337,0.3151640517423022,696 Main St,TRK66186874,0.22577497083453502,1.2692538230232753,0.9157441058286407,2,1,2024,0,False,False,True,False,False,False,True,False,False,False,False,True,False,False,False,False,False,False,True,False,False
ORD200737,2024-01-03,C91029,0.7492457523687547,0.8952904687394305,972 Main St,TRK25501930,1.5409689756959049,1.3166886667195947,0.18921171633904477,1,1,2024,0,False,False,False,True,False,False,False,False,False,False,False,True,False,False,False,False,False,False,False,True,False
ORD200738,2025-06-04,C96261,-0.6722481651688036,0.6542899019442269,264 Main St,TRK44998396,-0.2126230307859216,-0.1012747757750189,-0.08780798535441206,6,2,2025,0,False,False,False,True,False,False,True,False,False,False,False,False,False,True,False,True,False,False,False,False,False
ORD200739,2024-06-13,C35123,0.7492457523687547,0.1538205143930924,513 Main St,TRK58979275,-0.6510210324063782,0.6025884289879311,1.1620776673725675,6,2,2024,0,False,False,False,True,False,False,False,False,False,False,True,False,False,False,False,True,False,True,False,False,False
ORD200740,2024-07-20,C10892,-0.6722481651688036,0.10683808810838537,433 Main St,TRK76154554,0.6641729724549916,-0.3648966987640927,-0.6479040359197054,7,3,2024,1,True,False,False,False,False,False,False,False,False,False,False,True,False,False,True,False,False,False,True,False,False
ORD200741,2025-01-23,C99683,1.4599927111375337,-0.12061570998485653,945 Main St,TRK87305883,1.9793669773163614,0.7446364234511818,-0.2684158196488237,1,1,2025,0,False,False,True,False,False,False,False,False,True,False,True,False,False,False,True,False,False,False,False,False,True
ORD200742,2024-11-30,C41974,0.03849879359997556,1.7429021463985193,726 Main St,TRK48051468,0.6641729724549916,1.2779760682973345,0.5989924401416071,11,4,2024,1,False,True,False,False,False,False,False,False,False,False,False,False,True,False,False,True,False,False,True,False,False
ORD200743,2024-09-30,C23978,-1.3829951239375826,1.1158947770395455,549 Main St,TRK87090813,-1.966215037267748,-0.5830627748837346,2.392739502175871,9,3,2024,0,False,False,True,False,False,False,False,False,True,False,False,False,True,False,False,False,True,False,False,True,False
ORD200744,2024-06-12,C10642,-0.6722481651688036,0.5325211945108608,200 Main St,TRK98725693,-0.2126230307859216,-0.15991171879390464,-0.1501134046884048,6,2,2024,0,False,False,False,False,False,True,False,False,False,False,True,False,False,False,False,True,False,False,True,False,False
ORD200745,2023-03-02,C73813,0.7492457523687547,-1.243627614289075,364 Main St,TRK89906749,0.6641729724549916,-0.7432760056530443,-0.9350838065225466,3,1,2023,0,False,False,False,False,True,False,False,True,False,False,False,True,False,False,False,False,False,False,False,False,False
ORD200746,2025-02-24,C32183,0.03849879359997556,1.5498987451166342,551 Main St,TRK76287027,0.22577497083453502,1.1385667362699337,0.8000247697114434,2,1,2025,0,True,False,False,False,False,False,False,False,False,True,False,False,False,False,False,False,True,False,False,False,True
ORD200747,2025-03-12,C54277,-0.6722481651688036,-0.49129995019659506,940 Main St,TRK26500181,0.6641729724549916,-0.6529262492847779,-0.8665107586960272,3,1,2025,0,False,False,False,False,False,True,False,True,False,False,True,False,False,False,False,False,False,False,False,True,False
ORD200748,2024-07-15,C56553,0.03849879359997556,-1.4490615711214496,249 Main St,TRK37667360,1.1025709740754481,-1.0276285312052533,-1.1755194462102476,7,3,2024,0,False,False,False,False,False,True,True,False,False,False,False,False,False,True,False,False,False,False,False,False,True
ORD200749,2025-04-13,C17551,-1.3829951239375826,0.8218233485879662,997 Main St,TRK88797170,-0.6510210324063782,-0.6538668835790391,-0.5067502739709644,4,2,2025,1,False,True,False,False,False,False,False,True,False,False,False,True,False,False,False,False,False,False,False,True,False
ORD200750,2023-01-14,C14737,0.7492457523687547,-1.0705638388494034,637 Main St,TRK10295115,0.6641729724549916,-0.5766004951218616,-0.8085815533390648,1,1,2023,1,False,False,False,False,False,True,True,False,False,False,False,False,True,False,False,False,False,False,False,False,False
ORD200751,2023-01-24,C35168,-0.6722481651688036,1.2351773733628135,455 Main St,TRK76960854,0.6641729724549916,0.1784478744846574,-0.23552004170284058,1,1,2023,0,False,False,False,False,False,True,False,False,True,False,False,True,False,False,False,False,False,True,False,False,False
ORD200752,2024-10-03,C82217,0.7492457523687547,0.37016291793303935,299 Main St,TRK33305694,1.1025709740754481,0.8109450331817051,0.04548018098540153,10,4,2024,0,False,False,False,True,False,False,True,False,False,False,True,False,False,False,False,False,False,False,True,False,False
ORD200753,2024-04-24,C42270,-0.6722481651688036,-0.5830831134244946,864 Main St,TRK72697796,0.6641729724549916,-0.6971238450852629,-0.9000555514267392,4,2,2024,0,False,False,False,True,False,False,False,True,False,False,False,False,True,False,False,False,False,False,False,True,False
ORD200754,2025-05-31,C48846,-0.6722481651688036,0.48523434645757035,983 Main St,TRK52804097,-1.0894190340268348,-0.18268239833290525,0.6080570133016571,5,2,2025,1,False,False,False,False,True,False,True,False,False,False,False,False,True,False,False,False,True,False,False,False,False
ORD200755,2023-06-13,C54160,0.03849879359997556,-0.0999657666826149,658 Main St,TRK60515972,-0.6510210324063782,-0.053155834410145784,0.29111605163574444,6,2,2023,0,True,False,False,False,False,False,True,False,False,False,False,True,False,False,True,False,False,False,False,False,False
ORD200756,2024-06-27,C14080,-1.3829951239375826,-0.36897313618749267,202 Main St,TRK93163682,0.22577497083453502,-0.9405771028817992,-1.0409922024772555,6,2,2024,0,False,False,False,True,False,False,False,False,True,False,False,False,False,True,True,False,False,False,True,False,False
ORD200757,2024-02-22,C81074,-1.3829951239375826,-1.0081066393283729,597 Main St,TRK91105190,-1.5278170356472913,-1.0944624302169876,-0.8360441503728872,2,1,2024,0,True,False,False,False,False,False,False,True,False,False,True,False,False,False,False,False,False,False,True,False,False
ORD200758,2023-03-26,C69021,0.03849879359997556,1.3619183030163755,917 Main St,TRK57148510,1.1025709740754481,1.0027855650918263,0.17288178322772219,3,1,2023,1,False,False,False,False,False,True,True,False,False,False,False,False,False,False,False,False,True,True,False,False,False
ORD200759,2023-07-24,C96283,0.03849879359997556,-0.24558084598834845,366 Main St,TRK91784124,-1.0894190340268348,-0.15833585095027214,0.6511732288338262,7,3,2023,0,True,False,False,False,False,False,False,False,False,False,False,True,False,False,False,False,False,True,False,False,False
ORD200760,2025-02-18,C96636,-1.3829951239375826,-1.6076145755919784,283 Main St,TRK73324346,-0.2126230307859216,-1.2388070382818115,-1.296507159842483,2,1,2025,0,True,False,False,False,False,False,False,True,False,False,False,False,False,False,True,False,False,False,True,False,False
ORD200761,2023-06-02,C37235,0.7492457523687547,-1.6167472286494808,217 Main St,TRK67789367,0.6641729724549916,-1.1026227381204492,-1.2078183623452745,6,2,2023,0,True,False,False,False,False,False,False,True,False,False,True,False,False,False,True,False,False,False,True,False,False
ORD200762,2024-09-17,C12444,0.03849879359997556,-1.4178583398416498,611 Main St,TRK97621403,1.1025709740754481,-1.0050899562323692,-1.1605515427374329,9,3,2024,0,False,False,False,True,False,False,False,False,False,False,False,False,True,False,False,False,False,False,False,False,False
ORD200763,2023-04-06,C79142,-1.3829951239375826,1.0834738586854118,533 Main St,TRK30915955,-0.6510210324063782,-0.5908688179231237,-0.42307604284976613,4,2,2023,0,False,True,False,False,False,False,False,False,False,True,True,False,False,False,False,False,False,False,False,False,False
ORD200764,2024-03-10,C35983,1.4599927111375337,1.3750591760268926,806 Main St,TRK14016163,1.9793669773163614,2.545218135173821,0.6881995223026212,3,1,2024,1,False,True,False,False,False,False,True,False,False,False,False,False,False,False,False,False,False,False,False,False,False
ORD200765,2023-10-06,C36150,-0.6722481651688036,0.9056408088712664,281 Main St,TRK96249043,-0.2126230307859216,0.019761647439797702,0.040800784387504764,10,4,2023,0,False,True,False,False,False,False,False,True,False,False,False,False,True,False,False,True,False,False,True,False,False
ORD200766,2023-01-22,C91454,-0.6722481651688036,-0.39337761463559645,494 Main St,TRK99985340,-1.0894190340268348,-0.6057723742737572,-0.14120892184192177,1,1,2023,1,False,False,False,False,True,False,False,True,False,False,False,True,False,False,False,False,False,False,False,False,True
ORD200767,2025-04-18,C19368,-0.6722481651688036,-0.1684099276524525,517 Main St,TRK80436037,0.6641729724549916,-0.49744062204636574,-0.7485013275527146,4,2,2025,0,False,False,False,False,False,True,True,False,False,False,True,False,False,False,True,False,False,False,False,True,False
ORD200768,2023-09-04,C35987,1.4599927111375337,1.5071274866306645,165 Main St,TRK28918815,1.5409689756959049,2.70420976296357,1.0082827972179302,9,3,2023,0,False,False,False,False,False,True,False,False,False,False,False,False,False,False,False,False,True,False,False,False,False
ORD200769,2023-07-06,C13366,0.7492457523687547,1.6344265228599624,568 Main St,TRK98691410,-0.2126230307859216,2.0285411549688677,2.175254647813152,7,3,2023,0,False,False,False,False,True,False,False,False,False,False,True,False,False,False,True,False,False,False,False,False,False
ORD200770,2024-02-11,C72166,-1.3829951239375826,-0.21326140155707585,227 Main St,TRK67733444,0.22577497083453502,-0.9030861074390992,-1.0077950962383624,2,1,2024,1,True,False,False,False,False,False,False,False,False,True,False,False,True,False,True,False,False,False,True,False,False
ORD200771,2024-06-12,C20357,0.03849879359997556,1.7049001622870235,272 Main St,TRK82236408,1.1025709740754481,1.2505266493466187,0.3374070311565471,6,2,2024,0,False,False,False,True,False,False,False,True,False,False,False,False,False,False,False,False,False,False,True,False,False
ORD200772,2024-07-28,C33802,-1.3829951239375826,1.2605965910395287,461 Main St,TRK25799478,-0.6510210324063782,-0.54822265790668,-0.3664332775125347,7,3,2024,1,False,False,True,False,False,False,False,False,False,True,True,False,False,False,True,False,False,False,False,True,False
ORD200773,2025-06-28,C99205,-0.6722481651688036,0.7910767499610416,415 Main St,TRK48904015,0.6641729724549916,-0.035405943117137136,-0.3978293677238044,6,2,2025,1,False,False,False,True,False,False,False,False,False,False,False,False,False,False,True,False,False,True,False,False,False
ORD200774,2025-04-15,C29701,0.03849879359997556,-1.704116276232921,257 Main St,TRK42266846,-1.0894190340268348,-1.2118584765527152,-1.2145495728268936,4,2,2025,0,False,False,False,False,False,False,True,False,False,False,False,False,False,False,False,False,False,False,False,True,False
ORD200775,2023-03-04,C73941,-0.6722481651688036,1.3638463075507372,569 Main St,TRK22051900,-0.2126230307859216,0.2404075776079467,0.275250885223042,3,1,2023,1,False,False,False,True,False,False,False,False,False,True,False,False,False,False,True,False,False,False,True,False,False
ORD200776,2023-08-21,C69168,-1.3829951239375826,-1.700818373739934,482 Main St,TRK10446197,-0.2126230307859216,-1.2612478850163307,-1.32035196303343,8,3,2023,0,False,False,False,False,False,True,False,False,False,False,False,False,True,False,False,False,True,False,True,False,False
ORD200777,2025-03-21,C66116,1.4599927111375337,-1.4811273307455695,633 Main St,TRK41967983,0.6641729724549916,-0.893227771394049,-1.0488931848446836,3,1,2025,0,False,False,False,False,False,False,False,False,False,True,False,False,False,False,True,False,False,True,False,False,False
ORD200778,2023-04-28,C85059,0.7492457523687547,-0.5558881020977097,316 Main St,TRK56503740,1.1025709740754481,-0.08092287013554733,-0.5468107115583676,4,2,2023,0,False,True,False,False,False,False,True,False,False,False,False,False,False,True,False,False,True,False,True,False,False
ORD200779,2023-12-01,C18076,0.03849879359997556,1.1787578722520207,751 Main St,TRK26661705,1.1025709740754481,0.8704859624054653,0.08502140674502146,12,4,2023,0,False,False,False,True,False,False,False,True,False,False,False,True,False,False,False,False,False,False,False,False,False
ORD200780,2024-03-31,C41284,0.7492457523687547,-0.8723345305401697,661 Main St,TRK73613128,-0.6510210324063782,-0.38568838147620604,-0.15055473474202066,3,1,2024,1,False,True,False,False,False,False,False,False,False,True,False,False,False,False,False,False,True,False,True,False,False
ORD200781,2024-01-10,C43524,1.4599927111375337,0.8516059449477104,934 Main St,TRK51479426,-0.2126230307859216,1.915054238167733,2.0546677008104868,1,1,2024,0,False,False,False,True,False,False,False,False,True,False,True,False,False,False,False,False,False,False,False,False,True
ORD200782,2024-08-11,C58063,-0.6722481651688036,0.696198632085877,167 Main St,TRK50548869,0.22577497083453502,-0.08109389455268573,-0.2799466489908439,8,3,2024,1,False,False,True,False,False,False,False,False,False,True,False,False,True,False,False,True,False,False,False,False,True
ORD200783,2025-05-26,C19937,-1.3829951239375826,0.4156739723362598,281 Main St,TRK46990083,-0.2126230307859216,-0.7516562020928268,-0.7788789281339489,5,2,2025,0,False,False,False,False,True,False,False,False,True,False,False,False,True,False,False,False,False,True,False,False,False
ORD200784,2025-05-16,C21191,-1.3829951239375826,-0.15526905464193522,232 Main St,TRK85771230,-1.966215037267748,-0.889123185382727,0.7666978605156046,5,2,2025,0,False,True,False,False,False,False,True,False,False,False,False,True,False,False,False,False,True,False,False,False,True
ORD200785,2023-07-29,C45862,-1.3829951239375826,-0.9148521042189867,342 Main St,TRK53089983,-1.966215037267748,-1.0720093674526725,-0.20494217370231851,7,3,2023,1,False,False,False,False,False,False,True,False,False,False,False,True,False,False,False,True,False,False,False,True,False
ORD200786,2023-08-23,C39130,1.4599927111375337,-1.5784408227694011,774 Main St,TRK99583414,1.1025709740754481,-1.0103794971338647,-1.1640643352597793,8,3,2023,0,False,False,False,False,False,False,False,False,False,True,False,False,False,False,True,False,False,False,False,False,True
ORD200787,2024-03-17,C18167,0.7492457523687547,-0.6821723990983962,193 Main St,TRK36841089,0.6641729724549916,-0.2025456627805528,-0.5246839432189964,3,1,2024,1,True,False,False,False,False,False,False,False,False,False,True,False,False,False,True,False,False,False,True,False,False
ORD200788,2023-11-02,C47307,-0.6722481651688036,1.2431430763074127,761 Main St,TRK43516112,-0.2126230307859216,0.182283707840476,0.21349063830822132,11,4,2023,0,False,False,False,False,False,False,False,False,False,True,False,True,False,False,False,False,False,False,False,True,False
ORD200789,2023-08-17,C57276,1.4599927111375337,1.699014674761077,183 Main St,TRK75899752,1.9793669773163614,2.7813020729961604,0.8136264970624034,8,3,2023,0,False,False,False,False,False,True,False,False,False,True,True,False,False,False,False,True,False,False,False,False,False
ORD200790,2024-09-14,C38928,0.7492457523687547,0.31191688621074587,302 Main St,TRK96636009,-0.6510210324063782,0.7548490243603043,1.3643106742941522,9,3,2024,1,False,True,False,False,False,False,False,False,True,False,False,True,False,False,True,False,False,False,True,False,False
ORD200791,2024-01-13,C49710,0.7492457523687547,0.2682323624190257,956 Main St,TRK92591237,1.1025709740754481,0.7127770177442536,-0.01971335414063582,1,1,2024,1,False,False,False,False,False,False,False,False,False,False,False,True,False,False,True,False,False,False,False,False,False
ORD200792,2023-06-16,C41709,-0.6722481651688036,-0.0003183744329767917,746 Main St,TRK90995294,0.22577497083453502,-0.41649720862071216,-0.5769358144828761,6,2,2023,0,True,False,False,False,False,False,False,True,False,False,False,False,True,False,False,False,True,True,False,False,False
ORD200793,2024-04-15,C91255,1.4599927111375337,-0.9446854375401613,769 Main St,TRK69599961,1.1025709740754481,-0.2474273562495916,-0.6573866055065865,4,2,2024,0,False,False,False,False,False,False,False,True,False,False,True,False,False,False,True,False,False,False,False,False,True
ORD200794,2023-03-09,C76653,0.7492457523687547,0.14428196564414542,988 Main St,TRK77052196,1.5409689756959049,0.593401974581639,-0.23775347670806696,3,1,2023,0,False,False,False,False,True,False,False,False,False,True,True,False,False,False,False,False,False,False,False,True,False
ORD200795,2024-11-20,C95667,0.7492457523687547,-1.2209481925296106,586 Main St,TRK41266666,0.6641729724549916,-0.7214337443785095,-0.9185061145926092,11,4,2024,0,False,True,False,False,False,False,False,False,False,True,False,True,False,False,False,True,False,False,False,True,False
ORD200796,2025-04-29,C33313,0.03849879359997556,1.1321306046973272,882 Main St,TRK13349970,1.1025709740754481,0.8368063682589929,0.06265473472629518,4,2,2025,0,False,False,False,True,False,False,False,False,True,False,False,False,True,False,False,False,True,True,False,False,False
ORD200797,2023-02-27,C36825,-0.6722481651688036,0.4178049247163438,426 Main St,TRK72557318,-1.5278170356472913,-0.2151526055296133,1.4997600598671135,2,1,2023,0,False,True,False,False,False,False,False,True,False,False,False,False,True,False,True,False,False,True,False,False,False
ORD200798,2025-05-19,C20861,1.4599927111375337,0.6694095164505366,968 Main St,TRK89372013,1.5409689756959049,1.6957154231877132,0.41295595773670607,5,2,2025,0,False,False,False,True,False,False,False,True,False,False,False,False,True,False,False,False,False,False,False,False,False
ORD200799,2023-04-16,C26364,0.7492457523687547,-0.14131639024852868,803 Main St,TRK78924436,-0.6510210324063782,0.3183458477038823,0.7845457670956546,4,2,2023,1,False,True,False,False,False,False,False,True,False,False,False,False,True,False,False,False,False,False,False,False,False
ORD200800,2025-03-28,C34686,-1.3829951239375826,-1.4613399157876474,412 Main St,TRK99468332,-1.0894190340268348,-1.2035882243810931,-1.1999034725181734,3,1,2025,0,False,False,False,False,False,True,False,False,False,True,False,False,True,False,False,False,True,True,False,False,False
ORD200801,2023-05-03,C97593,0.7492457523687547,1.2136649017162522,738 Main St,TRK58443593,1.1025709740754481,1.6233110145891847,0.5849737207914589,5,2,2023,0,False,False,False,False,True,False,False,True,False,False,False,True,False,False,False,False,False,True,False,False,False
ORD200802,2024-02-17,C84331,1.4599927111375337,1.4623774866489023,205 Main St,TRK34440714,0.22577497083453502,2.650337071564968,2.138650213954431,2,1,2024,1,False,False,False,False,False,False,False,False,True,False,False,False,False,False,False,False,False,False,False,False,False
ORD200803,2023-08-20,C88775,1.4599927111375337,0.210037067658163,223 Main St,TRK45098068,-0.2126230307859216,1.1426957543408467,1.2339885055205506,8,3,2023,1,False,False,True,False,False,False,False,True,False,False,False,False,True,False,False,True,False,False,False,False,True
ORD200804,2024-01-01,C76362,0.03849879359997556,-0.6084008571783487,916 Main St,TRK11868618,1.1025709740754481,-0.42040633815530465,-0.7722622224036357,1,1,2024,0,False,False,False,False,False,False,False,False,False,True,True,False,False,False,False,False,False,False,False,False,False
ORD200805,2024-10-15,C59278,1.4599927111375337,0.5865053214729864,178 Main St,TRK14590037,1.9793669773163614,1.5959104597576514,0.183850133089644,10,4,2024,0,False,True,False,False,False,False,False,False,True,False,False,False,False,False,False,True,False,False,False,False,False
ORD200806,2023-09-01,C55819,1.4599927111375337,-0.5208795987106168,740 Main St,TRK13775054,1.5409689756959049,0.2627751281636924,-0.43292664502687656,9,3,2023,0,False,False,False,False,False,False,False,False,False,True,False,True,False,False,False,False,True,False,False,True,False
ORD200807,2024-11-10,C82344,0.03849879359997556,1.6225540738852096,260 Main St,TRK70957219,-0.2126230307859216,1.1910468002718364,1.2853645158797056,11,4,2024,1,False,False,True,False,False,False,False,False,False,True,True,False,False,False,False,True,False,False,True,False,False
ORD200808,2024-02-13,C65565,0.03849879359997556,-1.12820102703453,192 Main St,TRK80383756,-1.0894190340268348,-0.7958660139231075,-0.47785289068090164,2,1,2024,0,True,False,False,False,False,False,True,False,False,False,False,False,False,True,True,False,False,False,True,False,False
ORD200809,2024-04-09,C80416,1.4599927111375337,-0.7051562426264442,752 Main St,TRK54385892,1.9793669773163614,0.04093202707557477,-0.6422807863920169,4,2,2024,0,True,False,False,False,False,False,False,True,False,False,False,False,False,True,False,True,False,False,False,True,False
ORD200810,2023-05-31,C23637,-1.3829951239375826,1.000265241939278,644 Main St,TRK16749863,-0.2126230307859216,-0.6109031067879098,-0.629319961140977,5,2,2023,0,False,False,False,False,False,True,True,False,False,False,False,False,False,False,True,False,False,False,False,False,True
ORD200811,2023-11-05,C24769,-0.6722481651688036,-1.663475970127035,864 Main St,TRK44538305,0.6641729724549916,-1.2173801220203269,-1.2949161464559187,11,4,2023,1,False,True,False,False,False,False,False,False,True,False,False,False,False,True,False,True,False,False,False,False,False
ORD200812,2024-01-26,C81547,-0.6722481651688036,-0.5132183175346009,803 Main St,TRK88437123,0.22577497083453502,-0.6634808990281773,-0.7956321631104225,1,1,2024,0,False,False,False,True,False,False,True,False,False,False,False,False,False,False,False,False,False,False,True,False,False
ORD200813,2025-03-15,C12813,1.4599927111375337,-0.32407092532143883,263 Main St,TRK36131660,1.1025709740754481,0.4997050260493777,-0.16121480258119592,3,1,2025,1,False,True,False,False,False,False,False,True,False,False,False,False,False,False,False,False,False,False,False,False,False
ORD200814,2024-12-11,C50732,0.7492457523687547,-1.059909076948984,979 Main St,TRK21082461,-0.6510210324063782,-0.5663390300935566,-0.39049550065636585,12,4,2024,0,False,False,False,False,False,False,False,True,False,False,False,True,False,False,False,False,True,False,False,True,False
ORD200815,2024-08-04,C41320,0.03849879359997556,1.082865015148245,920 Main St,TRK77539180,1.1025709740754481,0.8012210734644064,0.039022483877347046,8,3,2024,1,False,False,False,False,True,False,False,False,True,False,False,False,False,False,False,False,True,False,False,True,False
ORD200816,2024-02-21,C55286,1.4599927111375337,1.1079798110563763,497 Main St,TRK39058734,1.1025709740754481,2.2236922309535965,0.9836878411049671,2,1,2024,0,False,False,False,False,False,True,True,False,False,False,False,True,False,False,False,False,True,False,False,False,True
ORD200817,2023-10-05,C87994,0.7492457523687547,1.2267043008039087,430 Main St,TRK98883971,0.6641729724549916,1.6358690932190632,0.870623670830296,10,4,2023,0,False,False,False,False,False,False,True,False,False,False,True,False,False,False,False,False,True,False,False,False,False
ORD200818,2023-03-02,C25580,0.7492457523687547,0.17467340554105612,860 Main St,TRK58781638,1.5409689756959049,0.6226715819718992,-0.22047526088350153,3,1,2023,0,False,False,False,True,False,False,True,False,False,False,False,False,False,False,False,False,True,False,False,False,True
ORD200819,2024-09-28,C66196,-0.6722481651688036,0.21328423318971934,650 Main St,TRK38104650,0.6641729724549916,-0.31363823774175015,-0.6090002353950873,9,3,2024,1,False,False,False,True,False,False,False,True,False,False,False,False,False,False,False,True,False,False,True,False,False
ORD200820,2023-05-27,C35377,1.4599927111375337,1.3566923959890265,171 Main St,TRK17342157,0.22577497083453502,2.523107121243782,2.0259920642385403,5,2,2023,1,False,False,False,True,False,False,False,False,False,False,False,False,True,False,False,False,False,False,False,False,False
ORD200821,2024-12-14,C40771,0.7492457523687547,-0.9230207550093082,259 Main St,TRK56310345,-0.2126230307859216,-0.43450363653942836,-0.44188449131121516,12,4,2024,1,False,True,False,False,False,False,True,False,False,False,True,False,False,False,False,True,False,True,False,False,False
ORD200822,2025-03-15,C20624,-1.3829951239375826,0.6248117273530661,923 Main St,TRK45123395,-1.966215037267748,-0.7013017272753587,1.764558092036583,3,1,2025,1,False,False,False,True,False,False,False,False,True,False,False,False,True,False,False,True,False,False,True,False,False
ORD200823,2024-10-07,C27070,0.7492457523687547,1.5054531669034557,973 Main St,TRK83842481,1.1025709740754481,1.9043285640071947,0.7715979221403092,10,4,2024,0,False,True,False,False,False,False,True,False,False,False,False,False,False,True,False,False,True,False,False,True,False
ORD200824,2023-08-29,C18826,0.03849879359997556,0.6326252194133739,664 Main St,TRK12530495,-1.0894190340268348,0.4760059282459113,1.7745529197214107,8,3,2023,0,False,False,True,False,False,False,True,False,False,False,False,False,True,False,False,False,False,True,False,False,False
ORD200825,2025-03-26,C23899,1.4599927111375337,-0.4298574899041757,543 Main St,TRK88914760,0.6641729724549916,0.37235291543023524,-0.08835130344562808,3,1,2025,0,True,False,False,False,False,False,False,False,False,True,False,False,True,False,False,False,False,False,False,True,False
ORD200826,2025-03-08,C43249,0.03849879359997556,0.5449010130999197,283 Main St,TRK32469820,1.1025709740754481,0.412641381696128,-0.21903390721574884,3,1,2025,1,False,False,False,False,True,False,False,False,False,True,False,False,True,False,False,False,True,False,False,False,False
ORD200827,2023-05-25,C95856,-0.6722481651688036,1.4382266930079515,432 Main St,TRK58829625,-0.2126230307859216,0.27622497696864934,0.31330911219955576,5,2,2023,0,False,False,False,False,False,True,False,False,False,False,True,False,False,False,False,False,True,False,False,True,False
ORD200828,2024-07-24,C86266,0.7492457523687547,0.24438599054665824,510 Main St,TRK64576020,-0.2126230307859216,0.6898108817285235,0.7527700032353182,7,3,2024,0,False,False,False,False,False,False,False,False,False,False,False,False,False,True,False,False,False,False,False,True,False
ORD200829,2023-02-05,C39551,-1.3829951239375826,-1.4180105507259413,685 Main St,TRK68358007,0.22577497083453502,-1.1931557349356496,-1.2646426972949005,2,1,2023,1,False,False,True,False,False,False,False,True,False,False,True,False,False,False,False,False,True,False,False,True,False
ORD200830,2024-12-11,C90310,0.7492457523687547,-0.8410805622989391,853 Main St,TRK70028457,-0.2126230307859216,-0.3555880840598447,-0.35803178112421663,12,4,2024,0,False,False,False,False,False,True,False,False,False,False,True,False,False,False,False,True,False,False,False,False,False
ORD200831,2023-12-18,C20124,-0.6722481651688036,-1.3581409362378696,140 Main St,TRK61346824,-0.2126230307859216,-1.0703479874004709,-1.1175088822141996,12,4,2023,0,False,False,False,False,True,False,False,False,False,True,False,True,False,False,True,False,False,False,True,False,False
ORD200832,2024-03-12,C63372,1.4599927111375337,0.6560149586328661,903 Main St,TRK14661811,1.9793669773163614,1.6795902638575197,0.22830764584358676,3,1,2024,0,False,False,False,False,False,False,False,False,False,True,False,True,False,False,False,True,False,False,False,False,True
ORD200833,2025-03-14,C90595,1.4599927111375337,-1.4111103239713838,508 Main St,TRK96573803,-0.2126230307859216,-0.8089371658044007,-0.8397435346458431,3,1,2025,0,False,False,False,True,False,False,True,False,False,False,False,False,False,True,False,False,True,False,False,False,True
ORD200834,2024-04-11,C98483,1.4599927111375337,-1.69599836240403,456 Main St,TRK22084320,1.9793669773163614,-1.1519022023159045,-1.2760112729407385,4,2,2024,0,False,False,False,False,True,False,False,False,False,False,False,False,True,False,True,False,False,False,False,True,False
ORD200835,2024-03-26,C16429,-1.3829951239375826,1.640007588617325,390 Main St,TRK73888013,0.22577497083453502,-0.4568711870951742,-0.6126857122083703,3,1,2024,0,True,False,False,False,False,False,False,True,False,False,False,False,False,True,False,False,False,False,True,False,False
ORD200836,2023-02-02,C31810,-1.3829951239375826,-0.9029796552442334,328 Main St,TRK58725886,-1.5278170356472913,-1.069150816480502,-0.7688062186749534,2,1,2023,0,False,False,False,True,False,False,True,False,False,False,False,False,False,False,False,False,False,False,True,False,False
ORD200837,2025-06-14,C88029,1.4599927111375337,1.5177315115696532,282 Main St,TRK59701278,-0.2126230307859216,2.716975514099973,2.9067592116813112,6,2,2025,1,False,False,False,False,False,False,False,False,False,True,True,False,False,False,True,False,False,False,False,False,False
ORD200838,2024-04-11,C57798,0.7492457523687547,1.1195985752239772,384 Main St,TRK68797566,1.1025709740754481,1.5327169376250065,0.5248100502470723,4,2,2024,0,True,False,False,False,False,False,False,False,False,True,False,True,False,False,True,False,False,True,False,False,False
ORD200839,2023-08-24,C82858,0.03849879359997556,-0.8038903695703318,551 Main St,TRK90618490,-0.2126230307859216,-0.5616114265626589,-0.5769444680133392,8,3,2023,0,False,False,False,False,False,False,False,False,False,True,False,False,False,False,True,False,False,False,True,False,False
ORD200840,2024-01-14,C60699,0.03849879359997556,0.28177913112098774,672 Main St,TRK88660574,0.6641729724549916,0.22258439013616438,-0.20202160717103768,1,1,2024,1,False,False,False,False,False,False,True,False,False,False,True,False,False,False,False,False,False,False,False,False,True
ORD200841,2024-09-19,C94658,-0.6722481651688036,0.4404336095143778,742 Main St,TRK51732528,-0.2126230307859216,-0.20425590695193693,-0.1972318780597368,9,3,2024,0,False,False,False,False,True,False,True,False,False,False,True,False,False,False,True,False,False,True,False,False,False
ORD200842,2025-05-07,C78305,0.03849879359997556,0.03920571852143643,396 Main St,TRK88312618,0.6641729724549916,0.04736987477785658,-0.33500473656202845,5,2,2025,0,False,True,False,False,False,False,False,False,False,True,False,True,False,False,False,False,True,False,False,False,True
ORD200843,2025-05-13,C43538,0.03849879359997556,0.37366376827174863,534 Main St,TRK20961563,1.1025709740754481,0.28895408001566586,-0.3011748409080245,5,2,2025,0,True,False,False,False,False,False,False,False,True,False,False,False,False,False,False,False,False,False,False,True,False
ORD200844,2024-12-04,C47486,-1.3829951239375826,-0.18007942878148347,883 Main St,TRK75984759,-0.2126230307859216,-0.8950968239527759,-0.9312935601797288,12,4,2024,0,False,False,False,False,False,False,False,False,False,True,False,False,True,False,False,False,False,True,False,False,False
ORD200845,2023-10-08,C24212,0.03849879359997556,-1.2636179770927192,808 Main St,TRK68894675,-0.2126230307859216,-0.8936797644964863,-0.9297878458791572,10,4,2023,1,False,False,False,True,False,False,False,False,True,False,True,False,False,False,False,False,False,False,True,False,False
ORD200846,2024-07-04,C24765,-0.6722481651688036,0.017490299029152948,646 Main St,TRK43977698,-0.6510210324063782,-0.4079215557042002,-0.18008490744719424,7,3,2024,0,True,False,False,False,False,False,False,True,False,False,False,False,False,False,True,False,False,False,False,False,True
ORD200847,2024-11-18,C48176,0.7492457523687547,0.39482108118829606,670 Main St,TRK90560300,1.1025709740754481,0.8346929951043539,0.06125124025431851,11,4,2024,0,False,False,False,False,True,False,False,False,False,True,False,False,False,True,False,False,False,False,False,False,False
ORD200848,2023-01-01,C54675,-0.6722481651688036,1.4685166589820013,634 Main St,TRK18049633,-0.2126230307859216,0.29081091654459723,0.3288075852588867,1,1,2023,1,False,False,False,False,False,False,False,False,False,True,False,False,False,True,True,False,False,False,False,False,True
ORD200849,2025-06-09,C16675,0.7492457523687547,-0.7207832267470595,664 Main St,TRK12756945,0.6641729724549916,-0.2397312574783629,-0.5529068147149301,6,2,2025,0,False,False,False,False,True,False,False,True,False,False,False,False,False,False,False,False,True,False,False,False,True
ORD200850,2025-04-27,C38557,0.03849879359997556,1.431224992330533,890 Main St,TRK14832238,-0.6510210324063782,1.0528468551942,1.7601123407611887,4,2,2025,1,False,False,True,False,False,False,False,True,False,False,False,False,False,False,False,False,False,False,False,True,False
ORD200851,2023-12-12,C80183,-1.3829951239375826,0.04646110400600786,146 Main St,TRK20814598,-0.2126230307859216,-0.8405522509154167,-0.8733365399034207,12,4,2023,0,False,True,False,False,False,False,False,False,False,True,False,False,False,False,False,True,False,False,False,False,False
ORD200852,2024-10-24,C39530,0.03849879359997556,1.0737830990521726,618 Main St,TRK69000497,0.22577497083453502,0.7946610654641687,0.4955070327165539,10,4,2024,0,True,False,False,False,False,False,False,False,True,False,False,True,False,False,False,True,False,False,True,False,False
ORD200853,2023-10-16,C10002,0.03849879359997556,0.6778318520480109,894 Main St,TRK94641152,-0.6510210324063782,0.5086593758895533,1.0373208003780174,10,4,2023,0,False,False,False,False,True,False,False,False,False,False,False,False,True,False,False,True,False,True,False,False,False
ORD200854,2025-06-13,C56938,0.03849879359997556,0.08212918789169815,356 Main St,TRK67735987,0.6641729724549916,0.07837415839909227,-0.311473314795708,6,2,2025,0,False,True,False,False,False,False,True,False,False,False,True,False,False,False,False,False,True,False,False,False,True
ORD200855,2023-05-25,C41331,1.4599927111375337,-0.5875479660303847,785 Main St,TRK94198179,1.9793669773163614,0.1825158124065925,-0.5670599728419152,5,2,2023,0,False,False,True,False,False,False,True,False,False,False,False,False,False,True,False,False,False,False,False,False,False
ORD200856,2024-06-03,C94698,-1.3829951239375826,1.16800163642874,871 Main St,TRK95768773,-0.2126230307859216,-0.5705169122836522,-0.5864071035746894,6,2,2024,0,False,False,False,True,False,False,False,True,False,False,False,False,False,True,True,False,False,True,False,False,False
ORD200857,2024-03-10,C56506,0.03849879359997556,-0.5001281814855142,185 Main St,TRK86808324,-0.6510210324063782,-0.3421993154038658,-0.09279241890113148,3,1,2024,1,False,False,False,True,False,False,False,False,False,True,True,False,False,False,True,False,False,False,False,True,False
ORD200858,2023-08-20,C22167,1.4599927111375337,0.4020764666728675,891 Main St,TRK70269748,1.5409689756959049,1.3738841182225998,0.22297490769572945,8,3,2023,1,False,False,False,False,False,True,False,False,False,True,False,True,False,False,True,False,False,True,False,False,False
ORD200859,2024-08-28,C11127,1.4599927111375337,-0.4824209819462455,154 Main St,TRK73285507,-0.2126230307859216,0.30907388108902106,0.3482131273222866,8,3,2024,0,False,False,False,False,False,False,True,False,False,False,False,False,True,False,False,True,False,False,False,False,True
ORD200860,2024-01-23,C69542,-1.3829951239375826,0.3355095732759607,876 Main St,TRK20746505,-1.966215037267748,-0.7709575291698767,1.394489861784055,1,1,2024,0,False,False,False,False,True,False,False,False,False,False,True,False,False,False,False,True,False,False,True,False,False
ORD200861,2023-03-19,C93276,1.4599927111375337,-0.13172710453815117,230 Main St,TRK44165913,1.9793669773163614,0.7312598708249984,-0.2755225315416072,3,1,2023,1,True,False,False,False,False,False,False,False,True,False,False,False,False,True,False,False,False,False,True,False,False
ORD200862,2023-12-02,C37969,0.03849879359997556,-1.1953260270071733,799 Main St,TRK69852386,-0.2126230307859216,-0.8443514361818486,-0.8773734118644358,12,4,2023,1,True,False,False,False,False,False,True,False,False,False,False,False,False,True,False,True,False,False,False,False,True
ORD200863,2024-05-20,C98276,-1.3829951239375826,-1.73699382723993,471 Main St,TRK74207282,-0.2126230307859216,-1.2699579142605946,-1.3296069138636668,5,2,2024,0,False,False,False,True,False,False,True,False,False,False,False,True,False,False,False,True,False,False,False,False,True
ORD200864,2023-05-03,C14240,-1.3829951239375826,0.6834129178053736,592 Main St,TRK58095246,-0.6510210324063782,-0.6871922128614392,-0.5510130822894883,5,2,2023,0,True,False,False,False,False,False,True,False,False,False,True,False,False,False,False,True,False,True,False,False,False
ORD200865,2023-04-30,C72241,0.7492457523687547,1.6284395614111553,156 Main St,TRK76270481,1.1025709740754481,2.022775188905344,0.8502585140494752,4,2,2023,1,False,False,True,False,False,False,False,False,False,False,False,True,False,False,False,True,False,False,True,False,False
ORD200866,2024-07-26,C39664,1.4599927111375337,-0.8481329999377881,693 Main St,TRK39917741,1.9793669773163614,-0.13119183274444624,-0.7337269695603459,7,3,2024,0,True,False,False,False,False,False,False,True,False,False,False,False,False,False,False,False,True,False,False,False,False
ORD200867,2024-05-26,C53252,0.7492457523687547,-1.0849223989342545,351 Main St,TRK65831261,-0.6510210324063782,-0.5904290408504821,-0.42249192954350995,5,2,2024,1,False,False,False,False,True,False,False,False,False,False,True,False,False,False,False,False,False,True,False,False,False
ORD200868,2024-06-29,C70452,0.7492457523687547,-0.20341843103954543,309 Main St,TRK42985882,0.6641729724549916,0.2585361658246188,-0.1747351712930702,6,2,2024,1,False,False,True,False,False,False,False,True,False,False,True,False,False,False,True,False,False,True,False,False,False
ORD200869,2024-03-17,C29905,-0.6722481651688036,0.9007700605739322,790 Main St,TRK16788127,-0.2126230307859216,0.017416169719042463,0.03830856761414514,3,1,2024,1,True,False,False,False,False,False,False,False,False,True,True,False,False,False,False,False,True,False,True,False,False
ORD200870,2025-06-01,C78725,0.7492457523687547,0.576763824878317,541 Main St,TRK72001139,-0.6510210324063782,1.0099197264924573,1.7030963919227378,6,2,2025,1,False,False,False,True,False,False,False,True,False,False,True,False,False,False,False,False,False,False,True,False,False
ORD200871,2024-05-16,C93768,0.03849879359997556,-0.1629303358179511,720 Main St,TRK22024707,1.1025709740754481,-0.09863611333916893,-0.5585741045315822,5,2,2024,0,False,False,False,False,False,True,False,True,False,False,False,True,False,False,False,False,False,False,False,False,False
ORD200872,2023-07-10,C59169,0.7492457523687547,1.3847499356601316,172 Main St,TRK90883858,0.6641729724549916,1.788080824472254,0.9861483025120744,7,3,2023,0,False,False,False,False,False,False,False,False,False,False,False,False,False,True,True,False,False,False,False,False,False
ORD200873,2024-05-12,C53488,0.03849879359997556,-1.1140454147954013,448 Main St,TRK27365050,-1.0894190340268348,-0.7856411969841893,-0.4597453781869598,5,2,2024,1,True,False,False,False,False,False,False,False,False,False,True,False,False,False,False,True,False,True,False,False,False
ORD200874,2023-10-31,C92180,-0.6722481651688036,0.6722000493292176,632 Main St,TRK93315929,0.6641729724549916,-0.0926502587393245,-0.4412762717415263,10,4,2023,0,False,False,False,False,False,False,False,False,False,False,True,False,False,False,False,False,False,True,False,False,False
ORD200875,2023-08-03,C25918,1.4599927111375337,-1.1315496664889477,203 Main St,TRK66473392,0.22577497083453502,-0.4723855449355878,-0.6264231918184695,8,3,2023,0,False,True,False,False,False,False,True,False,False,False,True,False,False,False,False,False,False,False,False,False,True
ORD200876,2024-06-09,C90363,1.4599927111375337,1.2810943234574785,200 Main St,TRK21534173,0.22577497083453502,2.4320976992665537,1.9454060618013445,6,2,2024,1,False,False,False,False,False,False,False,False,True,False,False,True,False,False,False,True,False,False,True,False,False
ORD200877,2024-07-25,C43867,-1.3829951239375826,0.8505912057190987,269 Main St,TRK97319127,-1.0894190340268348,-0.6469403946849334,-0.2141149159931565,7,3,2024,0,False,False,False,False,False,True,False,True,False,False,False,True,False,False,False,False,False,False,False,False,False
ORD200878,2023-06-01,C73873,-0.6722481651688036,-0.13050941746381747,393 Main St,TRK56423132,-0.2126230307859216,-0.4791898735317376,-0.4893664129619955,6,2,2023,0,True,False,False,False,False,False,False,False,False,True,False,False,False,False,False,True,False,False,True,False,False
ORD200879,2025-04-08,C56622,-0.6722481651688036,0.9703811716566727,932 Main St,TRK86373987,-1.0894190340268348,0.05093695547817194,1.021782304740295,4,2,2025,0,False,False,False,True,False,False,False,False,True,False,False,False,False,True,True,False,False,False,False,True,False
ORD200880,2025-03-12,C85074,0.7492457523687547,-0.6226072063789081,506 Main St,TRK63133878,1.1025709740754481,-0.14517918686040968,-0.5894834336543053,3,1,2025,0,False,True,False,False,False,False,False,False,False,True,False,False,False,True,False,True,False,True,False,False,False
ORD200881,2023-01-03,C59579,-0.6722481651688036,0.46899851879978827,386 Main St,TRK48000034,0.22577497083453502,-0.19050065740209,-0.37682292252473953,1,1,2023,0,False,False,False,False,False,True,True,False,False,False,False,True,False,False,True,False,False,False,False,True,False
ORD200882,2025-06-28,C43335,-0.6722481651688036,-0.41752840827654736,533 Main St,TRK91848650,0.22577497083453502,-0.6174020346391695,-0.7548307669771201,6,2,2025,1,False,False,False,True,False,False,False,False,False,False,True,False,False,False,False,False,False,False,False,False,True
ORD200883,2025-05-13,C43595,1.4599927111375337,1.0404489153922891,451 Main St,TRK25317348,1.5409689756959049,2.142394552663871,0.6766362422213643,5,2,2025,0,False,False,False,False,True,False,False,False,False,True,True,False,False,False,False,False,False,True,False,False,False
ORD200884,2024-05-15,C71471,-1.3829951239375826,1.2132590060248074,817 Main St,TRK52137079,-0.6510210324063782,-0.5596202137059759,-0.38157154736634086,5,2,2024,0,False,False,False,False,False,False,False,False,True,False,False,False,False,True,True,False,False,False,False,True,False
ORD200885,2024-04-07,C61090,0.7492457523687547,0.807616999387407,387 Main St,TRK36388962,0.6641729724549916,1.2322514687723993,0.5642886924381649,4,2,2024,1,False,True,False,False,False,False,True,False,False,False,False,False,False,True,False,False,False,False,True,False,False
ORD200886,2023-10-25,C29620,-1.3829951239375826,0.5262298112934701,792 Main St,TRK22046456,-1.966215037267748,-0.7250374731682118,1.6384545193637206,10,4,2023,0,False,False,False,True,False,False,True,False,False,False,False,False,True,False,True,False,False,False,True,False,False
ORD200887,2024-12-19,C67932,0.03849879359997556,-0.9373793150941594,857 Main St,TRK88547534,0.6641729724549916,-0.6580325497393391,-0.870386304124838,12,4,2024,0,False,False,False,False,False,False,False,True,False,False,True,False,False,False,True,False,False,False,True,False,False
ORD200888,2024-07-23,C14427,-0.6722481651688036,-0.45390680962226554,833 Main St,TRK58024529,-1.0894190340268348,-0.6349198213660617,-0.1928272310540421,7,3,2024,0,False,True,False,False,False,False,True,False,False,False,False,True,False,False,True,False,False,False,False,True,False
ORD200889,2024-10-27,C36725,1.4599927111375337,1.4932255591986887,350 Main St,TRK16808790,1.1025709740754481,2.6874738021435967,1.2916859198829667,10,4,2024,1,False,False,True,False,False,False,True,False,False,False,False,False,False,False,False,False,True,False,False,False,False
ORD200890,2023-08-11,C51921,0.03849879359997556,0.4217116707464975,943 Main St,TRK85741716,-0.2126230307859216,0.32365982066496873,0.36371160038161676,8,3,2023,0,False,True,False,False,False,False,False,True,False,False,False,True,False,False,True,False,False,False,True,False,False
ORD200891,2023-11-11,C36534,0.03849879359997556,1.5126070784651657,918 Main St,TRK38952138,0.6641729724549916,1.1116303905706328,0.4727405212322353,11,4,2023,1,False,False,True,False,False,False,False,False,False,False,False,False,True,False,False,True,False,False,False,False,True
ORD200892,2024-06-04,C72043,-1.3829951239375826,0.19339534430893615,480 Main St,TRK40896408,-1.5278170356472913,-0.8051746286273557,-0.06757819451440633,6,2,2024,0,True,False,False,False,False,False,False,False,False,False,False,False,False,True,False,False,False,False,False,False,True
ORD200893,2023-03-21,C99533,-1.3829951239375826,1.6316867269427118,696 Main St,TRK55701253,-0.6510210324063782,-0.4588746159816528,-0.24776092412482031,3,1,2023,0,False,False,True,False,False,False,False,False,False,False,False,True,False,False,False,False,False,False,False,False,True
ORD200894,2023-05-23,C90852,0.03849879359997556,1.1090960242078491,852 Main St,TRK37551831,1.1025709740754481,0.8201681356773839,0.0516052580162823,5,2,2023,0,False,False,False,False,False,True,False,False,False,True,False,False,False,False,False,False,True,False,False,True,False
ORD200895,2023-11-09,C81882,0.03849879359997556,-1.0237336234489882,832 Main St,TRK62371264,0.22577497083453502,-0.7204075978756788,-0.8460389780577152,11,4,2023,0,False,False,False,False,False,False,False,True,False,False,False,True,False,False,False,False,True,True,False,False,False
ORD200896,2024-10-18,C85466,0.03849879359997556,-1.0610252901004564,102 Main St,TRK66764177,-1.0894190340268348,-0.7473439435749795,-0.39192333318276984,10,4,2024,0,True,False,False,False,False,False,False,False,True,False,False,False,False,True,False,False,False,False,True,False,False
ORD200897,2024-09-03,C87995,0.7492457523687547,0.6345532239477355,358 Main St,TRK38730545,-0.2126230307859216,1.0655759582412165,1.1520438988006556,9,3,2024,0,False,True,False,False,False,False,False,False,True,False,True,False,False,False,False,True,False,False,False,True,False
ORD200898,2025-03-05,C44619,0.03849879359997556,-1.0048087368353857,742 Main St,TRK66662528,0.22577497083453502,-0.7067378605344011,-0.8339348523225176,3,1,2025,0,False,False,True,False,False,False,False,False,False,False,False,False,False,True,True,False,False,False,False,False,True
ORD200899,2025-04-23,C99904,-0.6722481651688036,-0.1676488732309941,552 Main St,TRK83843411,-1.0894190340268348,-0.49707414115249776,0.05128886330872697,4,2,2025,0,False,False,False,False,True,False,False,False,False,True,False,True,False,False,False,True,False,False,False,True,False
ORD200900,2025-02-07,C52342,1.4599927111375337,-1.433739008769418,991 Main St,TRK67342586,1.5409689756959049,-0.8361789122485914,-1.0816529787405331,2,1,2025,0,False,True,False,False,False,False,False,True,False,False,False,True,False,False,True,False,False,False,False,True,False
ORD200901,2024-04-28,C44277,-1.3829951239375826,0.5186192670788848,839 Main St,TRK79321479,-0.6510210324063782,-0.726869877637552,-0.6037130828094907,4,2,2024,1,False,False,False,False,False,True,False,True,False,False,False,False,True,False,False,False,True,False,False,False,True
ORD200902,2024-07-13,C61162,0.7492457523687547,-0.8937962652253004,813 Main St,TRK76712124,0.6641729724549916,-0.40635790389036325,-0.6793719813392844,7,3,2024,1,False,False,True,False,False,False,False,True,False,False,False,False,False,False,True,False,False,True,False,False,False
ORD200903,2023-05-17,C80868,0.03849879359997556,0.5940143917647107,205 Main St,TRK56186636,0.6641729724549916,0.4481167322225539,-0.030848593518630472,5,2,2023,0,False,False,True,False,False,False,True,False,False,False,False,True,False,False,True,False,False,False,False,False,False
ORD200904,2025-02-05,C16693,0.7492457523687547,-0.6036823197653057,262 Main St,TRK41146508,1.1025709740754481,-0.1269528704053726,-0.5773793079191077,2,1,2025,0,False,False,True,False,False,False,False,False,False,False,False,False,False,False,False,False,True,False,False,False,True
ORD200905,2023-11-23,C67818,-1.3829951239375826,0.4362224417156404,101 Main St,TRK81978113,0.22577497083453502,-0.7467087100256082,-0.8693277919164106,11,4,2023,0,False,True,False,False,False,False,False,False,True,False,False,True,False,False,False,False,False,True,False,False,False
ORD200906,2024-09-03,C49938,-1.3829951239375826,-1.4931519906046142,141 Main St,TRK80175572,-1.5278170356472913,-1.211247675062935,-1.146273217473393,9,3,2024,0,False,False,True,False,False,False,False,False,False,False,False,False,True,False,True,False,False,False,False,False,False
ORD200907,2024-08-04,C90898,1.4599927111375337,-0.294389802884556,583 Main St,TRK52935170,0.6641729724549916,0.5354369132015112,0.03542508764199162,8,3,2024,1,True,False,False,False,False,False,False,False,True,False,False,False,False,False,False,False,True,False,False,False,True
ORD200908,2025-05-06,C35117,-0.6722481651688036,1.7327547541124053,332 Main St,TRK27155709,-1.5278170356472913,0.41805308289557913,3.1818116774495,5,2,2025,0,True,False,False,False,False,False,True,False,False,False,False,False,False,False,False,True,False,False,True,False,False
ORD200909,2024-05-27,C60203,-0.6722481651688036,-0.3275717756601481,569 Main St,TRK76525279,-0.2126230307859216,-0.5740839929839676,-0.5901973499175073,5,2,2024,0,False,False,False,False,False,True,False,False,False,False,False,False,False,True,False,False,False,False,False,True,False
ORD200910,2024-05-31,C36174,0.03849879359997556,-0.24065936072958308,348 Main St,TRK26397548,-1.0894190340268348,-0.1547809862797521,0.6574686722456986,5,2,2024,0,False,False,False,False,True,False,False,False,False,False,True,False,False,False,False,True,False,False,False,True,False
ORD200911,2024-08-13,C80872,1.4599927111375337,0.20521705632225898,593 Main St,TRK43967487,1.5409689756959049,1.136893140187936,0.0830761652096805,8,3,2024,0,True,False,False,False,False,False,False,False,False,False,False,False,False,False,False,True,False,False,False,True,False
ORD200912,2024-01-22,C67604,-0.6722481651688036,-1.0995853807876892,318 Main St,TRK85545920,0.6641729724549916,-0.9458422117237034,-1.0888261373850865,1,1,2024,0,True,False,False,False,False,False,False,False,False,True,False,False,True,False,False,False,False,False,False,False,False
ORD200913,2023-02-16,C45599,1.4599927111375337,0.6064956842766306,505 Main St,TRK62277685,1.1025709740754481,1.6199760384549857,0.5827589578385709,2,1,2023,0,False,False,False,False,True,False,True,False,False,False,False,False,True,False,False,False,True,True,False,False,False
ORD200914,2025-02-10,C70352,-1.3829951239375826,1.3708480082281558,955 Main St,TRK51589589,-0.6510210324063782,-0.5216772251608386,-0.3311755493321268,2,1,2025,0,True,False,False,False,False,False,False,False,True,False,False,False,True,False,False,False,True,True,False,False,False
ORD200915,2024-02-16,C20643,0.7492457523687547,0.7436884279848898,939 Main St,TRK30736692,-0.6510210324063782,1.1706826786025692,1.9166222560986093,2,1,2024,0,False,True,False,False,False,False,False,True,False,False,False,False,False,True,False,False,True,False,False,False,True
ORD200916,2024-06-21,C35669,1.4599927111375337,1.1284775434743268,165 Main St,TRK13928455,0.22577497083453502,2.2483686111407115,1.782719689095919,6,2,2024,0,False,False,False,False,True,False,False,False,False,False,False,False,True,False,True,False,False,False,False,False,True
ORD200917,2025-01-20,C65524,1.4599927111375337,0.13905605861679662,836 Main St,TRK19315310,0.6641729724549916,1.0572446259206163,0.431463180923465,1,1,2025,0,False,True,False,False,False,False,True,False,False,False,False,False,True,False,False,False,False,False,True,False,False
ORD200918,2025-06-24,C74359,1.4599927111375337,0.06005860966940044,706 Main St,TRK18250450,-0.2126230307859216,0.9621428339618611,1.042139735154631,6,2,2025,0,False,True,False,False,False,False,False,False,False,True,True,False,False,False,True,False,False,False,False,True,False
ORD200919,2025-02-07,C92086,-0.6722481651688036,0.09227658017781198,187 Main St,TRK23357668,-1.0894190340268348,-0.37190869986676783,0.2729490461198694,2,1,2025,0,False,False,False,False,True,False,False,False,False,True,False,False,False,True,False,False,False,False,False,False,True
ORD200920,2025-03-12,C26137,-0.6722481651688036,0.36366858686992637,978 Main St,TRK98110407,0.22577497083453502,-0.2412216131134263,-0.4217347456279928,3,1,2025,0,False,False,False,False,False,True,True,False,False,False,False,False,True,False,True,False,False,False,False,True,False
ORD200921,2023-07-24,C90573,-1.3829951239375826,0.41866745306066355,144 Main St,TRK90075720,-1.0894190340268348,-0.7509354563348862,-0.3982836780731149,7,3,2023,0,False,False,False,False,False,True,False,False,True,False,False,False,False,False,False,True,False,False,False,False,True
ORD200922,2024-06-17,C81857,-0.6722481651688036,1.0523213643670424,487 Main St,TRK79737732,-1.0894190340268348,0.09039473171796404,1.0916595632294612,6,2,2024,0,True,False,False,False,False,False,True,False,False,False,False,True,False,False,True,False,False,False,False,True,False
ORD200923,2023-02-11,C91582,0.03849879359997556,1.4892173392456733,836 Main St,TRK99938245,0.6641729724549916,1.0947356213633164,0.4599178434139449,2,1,2023,1,False,False,False,False,True,False,True,False,False,False,False,True,False,False,False,False,True,True,False,False,False
ORD200924,2025-03-22,C81319,1.4599927111375337,-0.4463977393305412,991 Main St,TRK55330558,-0.2126230307859216,0.35244078686340535,0.3942931770380519,3,1,2025,1,False,False,False,False,True,False,False,False,False,False,False,False,True,False,False,True,False,False,False,False,False
ORD200925,2024-12-20,C78500,1.4599927111375337,0.7410501059905003,304 Main St,TRK97460884,1.9793669773163614,1.7819605935446574,0.28269508480388444,12,4,2024,0,False,False,True,False,False,False,False,False,False,True,False,False,False,True,False,False,True,False,False,False,False
ORD200926,2024-03-20,C67533,-1.3829951239375826,-1.6715938839559261,672 Main St,TRK14566395,-1.966215037267748,-1.2542114518540644,-1.1729477251257587,3,1,2024,0,True,False,False,False,False,False,False,False,False,False,True,False,False,False,False,False,True,False,False,False,False
ORD200927,2023-02-14,C35566,0.7492457523687547,-1.480112591516958,638 Main St,TRK10003020,0.6641729724549916,-0.971031665162233,-1.1079442586152493,2,1,2023,0,False,True,False,False,False,False,False,True,False,False,False,False,False,True,False,False,True,False,True,False,False
ORD200928,2024-05-09,C77166,0.03849879359997556,-0.5545689411005147,821 Main St,TRK18896595,-1.0894190340268348,-0.381522715315906,0.2559232249338096,5,2,2024,0,False,True,False,False,False,False,False,True,False,False,False,False,True,False,False,False,True,False,False,False,True
ORD200929,2024-10-16,C67936,-0.6722481651688036,0.9124395617029629,553 Main St,TRK71803414,-1.0894190340268348,0.023035543425018904,0.9723706457962538,10,4,2024,0,False,False,False,False,False,True,False,True,False,False,False,True,False,False,True,False,False,False,False,False,False
ORD200930,2024-12-16,C59554,-0.6722481651688036,0.5054783940683675,382 Main St,TRK28182447,-0.6510210324063782,-0.17293400655601548,0.13202630252902595,12,4,2024,0,False,False,False,True,False,False,False,True,False,False,False,False,True,False,False,False,False,False,False,False,False
ORD200931,2024-01-01,C14005,-0.6722481651688036,-1.6042151991761302,623 Main St,TRK87567926,-0.6510210324063782,-1.1888434764178024,-1.217307885661992,1,1,2024,0,False,False,False,False,True,False,True,False,False,False,False,False,False,False,False,True,False,False,True,False,False
ORD200932,2023-03-26,C26118,-0.6722481651688036,-1.4410451312154198,168 Main St,TRK15334251,0.6641729724549916,-1.1102699727724956,-1.213622408848709,3,1,2023,1,False,True,False,False,False,False,False,False,False,True,True,False,False,False,False,False,True,False,False,True,False
ORD200933,2023-01-26,C59685,-0.6722481651688036,0.19151807673600535,255 Main St,TRK43718093,-1.5278170356472913,-0.3241195913063759,1.210299465877939,1,1,2023,0,False,False,True,False,False,False,False,False,False,True,False,False,False,True,True,False,False,False,False,False,True
ORD200934,2025-06-01,C40304,0.7492457523687547,-1.2002982492273688,692 Main St,TRK85790948,1.1025709740754481,-0.7015460478712706,-0.958967550600577,6,2,2025,1,False,True,False,False,False,False,False,False,True,False,False,False,False,True,False,False,False,False,False,False,True
ORD200935,2023-11-24,C39593,0.03849879359997556,1.7062700602456486,398 Main St,TRK62405253,-1.0894190340268348,1.2515161477600625,3.147933105686642,11,4,2023,0,False,False,False,True,False,False,True,False,False,False,True,False,False,False,False,False,False,False,False,True,False
ORD200936,2024-01-12,C50612,0.7492457523687547,-1.520854371545705,737 Main St,TRK44140968,-0.6510210324063782,-1.0102695528657042,-0.9801254325827455,1,1,2024,0,False,False,False,False,False,False,False,False,False,True,True,False,False,False,False,True,False,False,False,True,False
ORD200937,2024-01-16,C39791,-0.6722481651688036,-0.29367948542452815,536 Main St,TRK46221436,-0.2126230307859216,-0.5577633771770446,-0.572855674869546,1,1,2024,0,False,False,False,False,False,False,False,True,False,False,False,False,False,False,False,False,True,False,False,False,False
ORD200938,2023-07-12,C39017,0.03849879359997556,-0.12660267143366374,696 Main St,TRK91155214,0.22577497083453502,-0.0723960813382178,-0.2722450068787254,7,3,2023,0,False,False,False,False,False,False,True,False,False,False,False,False,False,False,False,False,True,False,False,False,True
ORD200939,2025-04-16,C48510,-0.6722481651688036,0.8370951739785675,212 Main St,TRK53152886,0.6641729724549916,-0.013246065067916713,-0.38101061315953927,4,2,2025,0,False,True,False,False,False,False,False,False,False,False,True,False,False,False,False,True,False,False,False,True,False
ORD200940,2023-03-27,C74003,0.7492457523687547,-0.25922908861317157,679 Main St,TRK91525779,-0.6510210324063782,0.20478563472397351,0.6337147311246136,3,1,2023,0,False,False,False,False,True,False,False,False,False,True,False,False,False,False,False,True,False,False,True,False,False
ORD200941,2023-07-17,C91155,1.4599927111375337,-1.2415981358318524,599 Main St,TRK82162952,1.5409689756959049,-0.6048683880688828,-0.9451074793089181,7,3,2023,0,False,False,False,False,True,False,True,False,False,False,False,False,False,False,False,False,False,False,False,False,False
ORD200942,2023-09-29,C17591,-1.3829951239375826,0.6258264665816775,882 Main St,TRK56070470,-1.966215037267748,-0.7010574066794466,1.765856121606041,9,3,2023,0,False,False,False,False,False,True,True,False,False,False,False,True,False,False,True,False,False,False,False,False,False
ORD200943,2023-12-27,C43330,0.03849879359997556,-0.8266205282912268,355 Main St,TRK71594838,0.22577497083453502,-0.5780297706079469,-0.7199678561240891,12,4,2023,0,False,False,True,False,False,False,False,False,True,False,False,False,True,False,False,False,False,True,False,False,False
ORD200944,2024-12-16,C32687,-0.6722481651688036,0.3541807750824102,448 Main St,TRK98284560,0.6641729724549916,-0.245790408256981,-0.5575055480467247,12,4,2024,0,False,True,False,False,False,False,False,False,False,True,True,False,False,False,False,False,True,False,True,False,False
ORD200945,2023-08-20,C79722,1.4599927111375337,-0.40575743322465535,619 Main St,TRK29976438,1.9793669773163614,0.4013659861947881,-0.4507889741576984,8,3,2023,1,False,False,False,False,False,True,False,False,True,False,False,False,False,True,False,False,False,False,False,False,True
ORD200946,2024-05-04,C65021,-0.6722481651688036,0.24631399508101984,546 Main St,TRK20626179,-0.6510210324063782,-0.29773296694787743,-0.03373207349078418,5,2,2024,1,False,False,False,True,False,False,False,False,False,False,False,False,False,True,False,True,False,False,False,False,False
ORD200947,2023-09-07,C85520,0.7492457523687547,0.554287350964575,119 Main St,TRK65994177,1.5409689756959049,0.9882729216946522,-0.004656211134920756,9,3,2023,0,False,False,False,True,False,False,False,False,False,True,False,False,True,False,False,False,False,False,False,False,False
ORD200948,2024-06-21,C94569,-0.6722481651688036,1.2058006726945143,739 Main St,TRK79269291,-1.5278170356472913,0.1643017119813513,2.507744922029866,6,2,2024,0,False,False,False,True,False,False,False,False,True,False,False,False,False,False,True,False,False,False,True,False,False
ORD200949,2023-11-09,C55778,1.4599927111375337,-1.2482954147406875,319 Main St,TRK93797108,1.9793669773163614,-0.6129309677339796,-0.9896659499182632,11,4,2023,0,True,False,False,False,False,False,False,False,False,False,False,True,False,False,True,False,False,False,False,False,True
ORD200950,2024-05-31,C19722,-1.3829951239375826,1.2168105933249476,891 Main St,TRK78094361,-0.6510210324063782,-0.5587650916202838,-0.38043577149306484,5,2,2024,0,False,True,False,False,False,False,True,False,False,False,False,False,True,False,False,False,False,False,False,True,False
ORD200951,2024-07-22,C74928,-0.6722481651688036,-0.2545612881615591,589 Main St,TRK39845914,-0.6510210324063782,-0.5389262592322275,-0.35408577123306373,7,3,2024,0,False,False,False,False,True,False,False,False,False,True,False,False,True,False,False,False,False,False,False,False,False
ORD200952,2025-02-27,C49111,0.03849879359997556,0.7457179064421124,225 Main St,TRK45303393,-0.2126230307859216,0.5576945194890967,0.6123881052984157,2,1,2025,0,False,False,True,False,False,False,False,False,False,True,False,True,False,False,True,False,False,True,False,False,False
ORD200953,2023-02-06,C43721,-1.3829951239375826,-1.1405808456235889,971 Main St,TRK89392104,-1.5278170356472913,-1.1263584840133023,-0.9207730305192701,2,1,2023,0,False,False,False,True,False,False,False,False,False,False,False,False,False,True,False,False,False,True,False,False,False
ORD200954,2024-10-22,C68609,0.03849879359997556,0.4415498226658502,240 Main St,TRK58273778,-1.0894190340268348,0.33798922361520894,1.530133951792435,10,4,2024,0,False,False,False,False,False,False,False,False,True,False,False,False,False,True,False,False,False,False,True,False,False
ORD200955,2023-01-23,C82068,-1.3829951239375826,0.2623976118545104,164 Main St,TRK25779180,-1.0894190340268348,-0.788560828105338,-0.46491586263863505,1,1,2023,0,False,False,False,False,False,False,False,False,True,False,False,False,False,True,False,False,True,False,False,True,False
ORD200956,2024-04-11,C21191,-0.6722481651688036,-0.9915663899020073,381 Main St,TRK86246309,-1.0894190340268348,-0.8938263568540334,-0.6513345426389877,4,2,2024,0,False,False,False,True,False,False,False,True,False,False,True,False,False,False,False,True,False,False,False,False,True
ORD200957,2023-01-12,C73575,1.4599927111375337,1.4585722145416096,851 Main St,TRK23387612,1.1025709740754481,2.645756060391618,1.2639811012598436,1,1,2023,0,False,False,True,False,False,False,False,False,False,False,False,False,True,False,False,False,True,True,False,False,False
ORD200958,2023-05-13,C82685,0.03849879359997556,-1.0033373649538992,537 Main St,TRK70184320,0.6641729724549916,-0.7056750659421838,-0.9065456992740301,5,2,2023,1,True,False,False,False,False,False,False,False,True,False,True,False,False,False,False,False,True,False,False,False,False
ORD200959,2024-04-13,C73996,-0.6722481651688036,-1.078631015716864,856 Main St,TRK74579570,0.22577497083453502,-0.9357517711125368,-1.0367195218111223,4,2,2024,1,False,False,False,False,False,True,True,False,False,False,False,False,True,False,False,True,False,False,False,True,False
ORD200960,2023-12-11,C87687,0.03849879359997556,0.11495600193727627,312 Main St,TRK60383805,-1.0894190340268348,0.10208547223235431,1.1123631348623189,12,4,2023,0,False,True,False,False,False,False,False,False,True,False,False,True,False,False,False,False,True,False,True,False,False
ORD200961,2024-11-11,C55464,-1.3829951239375826,1.242787917577399,532 Main St,TRK81178598,-1.966215037267748,-0.552510484364936,2.5550580998366166,11,4,2024,0,False,False,False,True,False,False,False,False,False,True,False,False,False,True,True,False,False,True,False,False,False
ORD200962,2024-09-06,C12459,-0.6722481651688036,-1.087459247005783,838 Main St,TRK30674085,-0.6510210324063782,-0.940002949481406,-0.886797106538702,9,3,2024,0,False,False,False,True,False,False,False,False,True,False,True,False,False,False,False,True,False,False,False,False,True
ORD200963,2024-03-11,C88075,1.4599927111375337,0.8824540174974966,970 Main St,TRK42832976,1.5409689756959049,1.9521909687463601,0.5643566844632314,3,1,2024,0,False,False,False,False,False,False,False,False,False,True,False,False,False,True,False,False,False,False,True,False,False
ORD200964,2023-08-20,C18583,1.4599927111375337,0.04062635344149251,778 Main St,TRK43084595,1.9793669773163614,0.9387491369032847,-0.1652873703553711,8,3,2023,1,False,False,False,True,False,False,True,False,False,False,False,False,False,False,False,True,False,False,False,False,True
ORD200965,2025-06-18,C70412,0.7492457523687547,1.1256870105956451,791 Main St,TRK22192783,-0.2126230307859216,1.5385806319268946,1.6546409480948638,6,2,2025,0,False,True,False,False,False,False,False,False,True,False,False,False,False,False,False,False,False,False,False,False,False
ORD200966,2025-05-20,C58503,1.4599927111375337,-0.3850567529609832,290 Main St,TRK12981657,0.6641729724549916,0.42628668697781436,-0.047417013808786136,5,2,2025,0,False,False,True,False,False,False,True,False,False,False,False,False,False,False,False,False,True,True,False,False,False
ORD200967,2025-05-06,C52879,1.4599927111375337,1.4333559447106166,502 Main St,TRK67403284,-0.2126230307859216,2.6153992263495494,2.798828052980863,5,2,2025,0,False,False,False,False,False,True,True,False,False,False,False,False,True,False,False,False,False,False,True,False,False
ORD200968,2024-02-08,C67870,0.7492457523687547,0.283047555156752,664 Main St,TRK72602178,0.22577497083453502,0.727045340545516,0.43563541882529505,2,1,2024,0,False,False,True,False,False,False,True,False,False,False,False,False,False,True,False,False,True,False,False,False,True
ORD200969,2025-06-05,C19439,-1.3829951239375826,0.42582136462237363,675 Main St,TRK25383993,-1.5278170356472913,-0.7492129961337066,0.08107864192779211,6,2,2025,0,True,False,False,False,False,False,False,False,True,False,False,False,False,True,False,False,True,True,False,False,False
ORD200970,2024-09-07,C72664,-1.3829951239375826,1.3736385411068368,241 Main St,TRK86694331,-0.2126230307859216,-0.5210053435220805,-0.5337979651245492,9,3,2024,1,True,False,False,False,False,False,False,False,False,False,True,False,False,False,False,True,False,False,False,True,False
ORD200971,2024-05-27,C32650,-0.6722481651688036,1.2625753325353208,934 Main St,TRK66648743,-0.6510210324063782,0.19164118666390664,0.6162562334154011,5,2,2024,0,False,False,True,False,False,False,False,False,False,False,False,False,False,False,False,False,True,False,False,False,True
ORD200972,2024-06-09,C66438,-1.3829951239375826,-1.3503274441775621,816 Main St,TRK32035271,-0.2126230307859216,-1.1768595511883178,-1.2306840803752586,6,2,2024,1,False,True,False,False,False,False,False,False,False,False,True,False,False,False,False,True,False,True,False,False,False
ORD200973,2025-06-09,C70010,1.4599927111375337,-0.6374731360780648,141 Main St,TRK50594008,1.9793669773163614,0.12241294581223455,-0.5989915002505866,6,2,2025,0,True,False,False,False,False,False,False,False,False,True,False,True,False,False,False,False,True,False,False,False,True
ORD200974,2023-09-27,C30722,1.4599927111375337,-0.4547693379665853,274 Main St,TRK52088168,-0.2126230307859216,0.3423625622820344,0.383584433090022,9,3,2023,0,True,False,False,False,False,False,False,False,True,False,False,False,False,False,True,False,False,False,False,False,False
ORD200975,2023-05-18,C70529,-1.3829951239375826,-1.2709240995387212,974 Main St,TRK82165408,0.22577497083453502,-1.1577414645582018,-1.2332844662794065,5,2,2023,0,True,False,False,False,False,False,False,False,True,False,False,False,True,False,False,True,False,False,False,False,False
ORD200976,2024-04-04,C18984,0.03849879359997556,1.1815991420921323,650 Main St,TRK49298239,0.22577497083453502,0.8725382554111264,0.5644648535940199,4,2,2024,0,False,False,False,False,False,True,True,False,False,False,False,False,True,False,False,False,True,False,False,False,True
ORD200977,2023-01-28,C85841,0.7492457523687547,1.4868834390198675,608 Main St,TRK99820544,1.1025709740754481,1.8864442963864347,0.7597209515797669,1,1,2023,1,False,False,False,False,False,False,False,False,False,False,False,True,False,False,False,True,False,False,True,False,False
ORD200978,2024-06-25,C41508,0.7492457523687547,-1.2629583965941218,993 Main St,TRK61047536,-0.2126230307859216,-0.7618932350615405,-0.7897564159260084,6,2,2024,0,False,False,False,False,True,False,False,False,False,False,True,False,False,False,True,False,False,False,True,False,False
ORD200979,2023-05-31,C75018,0.03849879359997556,1.5862771464623522,299 Main St,TRK51794806,0.6641729724549916,1.1648434163602719,0.5131277841219486,5,2,2023,0,False,False,True,False,False,False,False,False,False,False,True,False,False,False,False,True,False,True,False,False,False
ORD200980,2023-10-14,C84320,0.03849879359997556,-1.4549470586473956,107 Main St,TRK81093218,0.6641729724549916,-1.0318797095741226,-1.154126296368615,10,4,2023,1,False,False,False,False,False,False,False,False,False,False,True,False,False,False,False,False,True,False,False,True,False
ORD200981,2023-11-26,C12609,0.7492457523687547,-1.1140961517568317,490 Main St,TRK56379337,1.1025709740754481,-0.6185259093803648,-0.9038337446378407,11,4,2023,1,False,False,False,True,False,False,False,True,False,False,False,True,False,False,False,True,False,False,False,False,False
ORD200982,2024-09-06,C64935,-1.3829951239375826,-0.2653682609462703,707 Main St,TRK42969065,-1.5278170356472913,-0.9156319700391816,-0.36099777869042854,9,3,2024,0,False,False,True,False,False,False,False,False,True,False,False,False,False,True,False,True,False,False,False,False,True
ORD200983,2024-11-24,C67528,0.7492457523687547,-0.3050953017464062,110 Main St,TRK60865210,-0.2126230307859216,0.16061247098307949,0.1904635937460331,11,4,2024,1,False,False,True,False,False,False,False,False,True,False,False,False,False,True,False,True,False,False,False,False,False
ORD200984,2025-02-28,C44176,-1.3829951239375826,-1.414408226464371,706 Main St,TRK68704764,-1.966215037267748,-1.192288396820162,-0.8439621307465822,2,1,2025,0,True,False,False,False,False,False,True,False,False,False,False,False,False,True,False,False,False,True,False,False,False
ORD200985,2024-07-20,C92788,-1.3829951239375826,-0.5718195079869083,948 Main St,TRK83835361,0.22577497083453502,-0.9894167900046128,-1.0842382209663706,7,3,2024,1,True,False,False,False,False,False,False,False,True,False,True,False,False,False,False,True,False,False,True,False,False
ORD200986,2024-09-07,C69213,0.7492457523687547,1.4640010694146808,533 Main St,TRK67837331,0.6641729724549916,1.8644065786351702,1.0440775078690367,9,3,2024,1,False,True,False,False,False,False,True,False,False,False,False,True,False,False,False,False,False,False,False,False,False
ORD200987,2025-06-05,C67387,1.4599927111375337,-0.3687701883417703,436 Main St,TRK54120003,1.1025709740754481,0.44589341479975453,-0.19695117916534147,6,2,2025,0,False,False,False,True,False,False,False,False,True,False,False,True,False,False,False,False,False,False,False,True,False
ORD200988,2025-02-04,C90318,-0.6722481651688036,1.3858661488116037,818 Main St,TRK52765043,-0.2126230307859216,0.25101109147052836,0.28651778188593874,2,1,2025,0,True,False,False,False,False,False,False,False,True,False,False,False,False,False,False,False,True,False,False,True,False
ORD200989,2023-03-23,C49995,0.7492457523687547,-0.5596426372435717,559 Main St,TRK33212013,-0.6510210324063782,-0.08453881495504519,0.24943307708651866,3,1,2023,0,False,True,False,False,False,False,True,False,False,False,False,True,False,False,False,True,False,False,False,True,False
ORD200990,2023-11-19,C52313,-0.6722481651688036,0.3137941537836769,913 Main St,TRK67368559,-1.5278170356472913,-0.26523832769157824,1.3667120289976498,11,4,2023,1,False,False,False,True,False,False,False,True,False,False,False,True,False,False,False,True,False,False,True,False,False
ORD200991,2024-05-09,C10211,1.4599927111375337,-1.163057319537331,598 Main St,TRK68938335,1.9793669773163614,-0.5103163174509293,-0.9351487080010195,5,2,2024,0,True,False,False,False,False,False,False,True,False,False,False,False,False,False,False,False,False,False,True,False,False
ORD200992,2024-08-27,C97907,0.03849879359997556,1.1659214210100868,933 Main St,TRK89637569,-0.6510210324063782,0.8612139957906041,1.5055849675600574,8,3,2024,0,False,False,False,False,True,False,False,False,True,False,False,True,False,False,False,False,True,False,False,False,True
ORD200993,2024-04-06,C61384,0.03849879359997556,-0.4513699615507371,576 Main St,TRK33323210,-0.2126230307859216,-0.3069805015031476,-0.3063831845554757,4,2,2024,1,False,False,True,False,False,False,False,False,True,False,True,False,False,False,False,False,True,False,False,True,False
ORD200994,2024-06-27,C27613,0.7492457523687547,1.3152910354616822,971 Main St,TRK63701318,1.5409689756959049,1.7211858453115414,0.42799146691626333,6,2,2024,0,False,False,False,False,False,True,False,True,False,False,True,False,False,False,False,False,True,False,True,False,False
ORD200995,2023-11-18,C99271,-0.6722481651688036,-1.2335309589643917,959 Main St,TRK87832736,-0.2126230307859216,-1.0103428490444777,-1.0537496697624136,11,4,2023,1,False,False,True,False,False,False,False,False,False,False,False,True,False,False,False,True,False,True,False,False,False
ORD200996,2024-04-28,C28648,0.7492457523687547,0.5958916593376418,101 Main St,TRK92240846,0.6641729724549916,1.0283414994242241,0.4095264811996217,4,2,2024,1,False,False,True,False,False,False,False,True,False,False,True,False,False,False,False,True,False,True,False,False,False
ORD200997,2023-11-27,C26210,0.03849879359997556,0.4481963646132548,805 Main St,TRK40616861,0.22577497083453502,0.3427901233248803,0.09538941793106867,11,4,2023,0,False,True,False,False,False,False,False,False,False,False,True,False,False,False,False,True,False,True,False,False,False
ORD200998,2023-05-19,C90350,-0.6722481651688036,-0.8764442244160459,783 Main St,TRK22824230,0.22577497083453502,-0.8383900136415954,-0.9505087245729413,5,2,2023,0,False,False,False,True,False,False,False,True,False,False,False,False,False,False,False,True,False,False,True,False,False
ORD200999,2023-12-24,C61957,-1.3829951239375826,0.6441932466195436,652 Main St,TRK43983841,0.22577497083453502,-0.6966352038934389,-0.824989265206335,12,4,2023,1,False,False,False,False,True,False,False,False,False,False,False,True,False,False,False,False,False,False,True,False,False
ORD201000,2023-06-21,C90132,1.4599927111375337,-0.4844504604034681,582 Main St,TRK52664903,1.5409689756959049,0.30663067512990083,-0.40703816639157175,6,2,2023,0,False,False,False,False,True,False,False,False,False,True,True,False,False,False,False,True,False,False,False,False,False
ORD201001,2023-12-08,C31371,-0.6722481651688036,-0.5212347574406307,122 Main St,TRK19554327,0.22577497083453502,-0.6673411644435873,-0.799050307643329,12,4,2023,0,False,False,False,False,True,False,False,False,True,False,False,False,False,True,True,False,False,False,False,False,True
ORD201002,2025-06-19,C83911,0.7492457523687547,1.7426484615913667,944 Main St,TRK33188106,-0.2126230307859216,2.1327683211849373,2.2860025306793244,6,2,2025,0,False,False,False,False,False,True,False,False,False,False,False,True,False,False,False,False,True,False,False,False,True
ORD201003,2023-01-11,C84700,1.4599927111375337,-0.1848994401173875,582 Main St,TRK14706969,0.6641729724549916,0.6672478746960481,0.13546608088808998,1,1,2023,0,False,False,False,False,True,False,False,False,False,False,False,False,False,True,False,True,False,False,True,False,False
ORD201004,2025-06-09,C87529,0.7492457523687547,-0.5555836803291262,296 Main St,TRK15739505,1.1025709740754481,-0.08062968542045289,-0.5466160071229488,6,2,2025,0,False,False,False,False,False,False,False,False,False,True,False,True,False,False,False,True,False,False,False,False,True
ORD201005,2023-03-02,C38065,0.03849879359997556,0.18487153478860077,426 Main St,TRK11448295,0.22577497083453502,0.15258653940736958,-0.07302991870613072,3,1,2023,0,False,False,False,False,True,False,True,False,False,False,False,False,True,False,True,False,False,False,True,False,False
ORD201006,2024-05-27,C27435,1.4599927111375337,0.3275946072927919,860 Main St,TRK91458233,0.6641729724549916,1.2842184595228867,0.6037302480701296,5,2,2024,0,False,False,False,False,False,True,False,False,False,False,True,False,False,False,False,True,False,True,False,False,False
ORD201007,2024-03-20,C46651,-0.6722481651688036,-1.4366310155709603,839 Main St,TRK60444502,-0.6510210324063782,-1.1081443835880609,-1.1101230939639826,3,1,2024,0,False,False,True,False,False,False,False,False,False,False,False,True,False,False,False,False,True,True,False,False,False
ORD201008,2023-01-13,C62557,0.03849879359997556,0.27635027624791686,257 Main St,TRK12742366,1.1025709740754481,0.21866304457177663,-0.3478552292996644,1,1,2023,0,False,False,True,False,False,False,False,False,False,False,True,False,False,False,False,False,False,False,False,True,False
ORD201009,2023-09-02,C54494,-0.6722481651688036,-0.9130255736074862,696 Main St,TRK95958645,-1.5278170356472913,-0.8560055286068521,-0.2026057204772937,9,3,2023,1,False,False,False,False,False,True,True,False,False,False,True,False,False,False,False,False,False,False,False,False,False
ORD201010,2023-03-31,C33729,0.03849879359997556,1.5381277700647424,533 Main St,TRK35649833,0.22577497083453502,1.1300643795321952,0.7924961982085862,3,1,2023,0,False,False,True,False,False,False,True,False,False,False,False,False,False,False,False,True,False,False,False,False,False
ORD201011,2024-12-03,C47823,-0.6722481651688036,0.6187232919813979,654 Main St,TRK22271097,-1.0894190340268348,-0.11840164954845174,0.7218942065431398,12,4,2024,0,False,False,False,True,False,False,False,False,False,True,False,False,False,True,True,False,False,False,True,False,False
ORD201012,2024-12-03,C84570,0.7492457523687547,-1.6558654259124497,301 Main St,TRK12551882,0.22577497083453502,-1.1402969740100832,-1.2178379144028542,12,4,2024,0,False,False,False,False,True,False,False,False,False,True,False,False,True,False,True,False,False,True,False,False,False
ORD201013,2025-04-26,C91123,0.7492457523687547,-0.2833798822541224,842 Main St,TRK49568409,1.5409689756959049,0.18152631399314886,-0.48088883761835655,4,2,2025,1,False,True,False,False,False,False,False,False,False,False,False,False,False,False,False,False,False,True,False,False,False
ORD201014,2024-02-04,C92548,1.4599927111375337,-0.6593915034160708,160 Main St,TRK21682892,0.22577497083453502,0.09602632145373606,-0.12311222626105879,2,1,2024,1,False,False,False,False,False,True,False,True,False,False,False,False,True,False,False,False,False,False,False,False,False
ORD201015,2024-01-26,C97454,-0.6722481651688036,-0.03558056262722261,892 Main St,TRK73249329,-1.5278170356472913,-0.43347749003659797,0.9198004482331972,1,1,2024,0,False,False,False,False,True,False,False,False,False,True,False,False,False,True,False,True,False,False,False,True,False
ORD201016,2023-12-29,C20257,1.4599927111375337,-0.4446219456804715,669 Main St,TRK62135578,0.6641729724549916,0.35457859207763553,-0.1018415393282113,12,4,2023,0,False,False,False,False,False,True,False,True,False,False,True,False,False,False,False,False,True,False,False,False,False
ORD201017,2024-08-25,C51694,-0.6722481651688036,1.6460960239889935,953 Main St,TRK83122112,0.22577497083453502,0.3763231251138056,0.12508184433242472,8,3,2024,1,False,False,False,False,False,False,False,False,True,False,True,False,False,False,False,False,False,False,False,False,True
ORD201018,2023-07-08,C77499,0.03849879359997556,-0.8824819228262836,209 Main St,TRK20703086,-1.0894190340268348,-0.6183793170228177,-0.1635350304366025,7,3,2023,1,False,True,False,False,False,False,False,False,False,False,True,False,False,False,True,False,False,False,False,True,False
ORD201019,2024-04-06,C28386,-1.3829951239375826,-0.40245953073166846,293 Main St,TRK32954229,-1.5278170356472913,-0.9486396825468961,-0.44867967610732895,4,2,2024,1,True,False,False,False,False,False,False,False,False,False,False,False,True,False,False,True,False,False,False,False,True
ORD201020,2024-04-22,C50211,-0.6722481651688036,-1.6738770472203017,312 Main St,TRK47787981,-1.0894190340268348,-1.2223886942365234,-1.233197930974776,4,2,2024,0,False,False,False,False,False,True,False,False,False,True,True,False,False,False,False,True,False,False,False,True,False
ORD201021,2023-10-23,C74519,0.03849879359997556,-0.20874581198975525,309 Main St,TRK97351945,-0.6510210324063782,-0.13172933805545275,0.18675447425130645,10,4,2023,0,False,False,False,True,False,False,True,False,False,False,False,False,False,False,False,True,False,False,False,False,False
ORD201022,2025-02-24,C19071,0.03849879359997556,0.4798054915844995,396 Main St,TRK66537096,1.1025709740754481,0.365621883012859,-0.2502596310460273,2,1,2025,0,False,False,False,False,False,True,True,False,False,False,False,False,False,True,False,True,False,False,False,False,True
ORD201023,2024-09-23,C65251,1.4599927111375337,-0.6227594172631998,291 Main St,TRK32059025,1.9793669773163614,0.14012618901585627,-0.5895807858720147,9,3,2024,0,False,True,False,False,False,False,False,False,False,False,False,False,False,True,True,False,False,False,False,False,True
ORD201024,2024-01-29,C90612,0.03849879359997556,0.05752176159787197,731 Main St,TRK93022878,0.6641729724549916,0.06059983504649259,-0.3249635506782912,1,1,2024,0,False,False,False,False,False,False,False,False,False,False,False,True,False,False,False,False,False,True,False,False,False
ORD201025,2025-05-17,C28406,-1.3829951239375826,-1.6889459247651806,174 Main St,TRK98841457,-1.5278170356472913,-1.25838933404416,-1.2715006201868713,5,2,2025,1,False,False,False,False,False,False,False,False,True,False,True,False,False,False,False,False,False,False,False,True,False
ORD201026,2023-05-01,C55454,-1.3829951239375826,1.6289976679868918,807 Main St,TRK13281370,-1.966215037267748,-0.45952206556081965,3.0490881539724013,5,2,2023,0,False,False,True,False,False,False,False,False,False,True,True,False,False,False,False,False,True,True,False,False,False
ORD201027,2024-05-21,C93467,0.7492457523687547,1.0067088360409606,983 Main St,TRK77377373,0.22577497083453502,1.4239942724441559,1.052761943798031,5,2,2024,0,False,True,False,False,False,False,False,False,False,False,False,False,True,False,True,False,False,False,True,False,False
ORD201028,2023-02-17,C60042,0.7492457523687547,0.42566915373808206,610 Main St,TRK84651559,0.22577497083453502,0.8644023795672559,0.5572607894835269,2,1,2023,0,True,False,False,False,False,False,False,False,False,False,False,False,False,False,True,False,False,False,False,True,False
ORD201029,2025-03-01,C44733,-1.3829951239375826,-1.3666140087967746,851 Main St,TRK41500198,-0.6510210324063782,-1.1807808967527058,-1.206599141713962,3,1,2025,1,True,False,False,False,False,False,True,False,False,False,False,False,False,True,False,False,False,False,False,False,False
ORD201030,2023-10-02,C61773,0.7492457523687547,-0.563853805042309,176 Main St,TRK12936357,0.22577497083453502,-0.08859453684718485,-0.28658823362123814,10,4,2023,0,False,False,False,True,False,False,True,False,False,False,True,False,False,False,False,False,True,False,False,False,False
ORD201031,2023-02-28,C59183,1.4599927111375337,1.5631918290114433,136 Main St,TRK18129706,1.1025709740754481,2.771703327584267,1.3476228816418057,2,1,2023,0,False,False,False,True,False,False,False,True,False,False,False,True,False,False,False,True,False,False,False,False,False
ORD201032,2023-04-20,C26188,-1.3829951239375826,1.3306643347751446,990 Main St,TRK61634201,0.22577497083453502,-0.5313523207589548,-0.6786364312499249,4,2,2023,0,False,False,False,False,False,False,False,False,False,True,True,False,False,False,False,False,True,False,False,False,True
ORD201033,2024-12-24,C20338,-1.3829951239375826,0.07325021964134854,331 Main St,TRK30654048,-1.5278170356472913,-0.8341021871833392,-0.14442154502633062,12,4,2024,0,False,False,True,False,False,False,False,False,True,False,True,False,False,False,False,False,False,False,False,False,True
ORD201034,2024-06-16,C84524,0.7492457523687547,0.819743133169313,766 Main St,TRK76751888,1.1025709740754481,1.243929993256994,0.33302618135962564,6,2,2024,1,False,False,False,False,True,False,False,False,False,False,False,False,False,False,False,False,False,True,False,False,False
ORD201035,2023-11-12,C70315,0.7492457523687547,0.7595183599512274,911 Main St,TRK97732085,-0.2126230307859216,1.1859282837874796,1.2799257719836759,11,4,2023,1,False,True,False,False,False,False,False,False,False,False,False,False,False,False,True,False,False,False,False,False,True
ORD201036,2024-05-31,C98278,0.03849879359997556,0.29131767986993473,552 Main St,TRK49684737,1.1025709740754481,0.22947423094088357,-0.3406755032435989,5,2,2024,0,False,False,False,True,False,False,False,False,True,False,False,False,False,True,False,True,False,True,False,False,False
ORD201037,2023-12-13,C32347,-1.3829951239375826,-0.5408699615142611,408 Main St,TRK54073964,-1.966215037267748,-0.9819650118292962,0.27344662412149495,12,4,2023,0,False,False,False,False,True,False,False,False,False,False,False,True,False,False,False,True,False,False,True,False,False
ORD201038,2025-03-15,C77961,0.03849879359997556,0.031037067731114715,422 Main St,TRK28969024,-0.2126230307859216,0.041469532386581014,0.06386676983677651,3,1,2025,1,False,False,False,False,False,True,False,True,False,False,False,False,True,False,True,False,False,True,False,False,False
ORD201039,2025-06-28,C49137,-0.6722481651688036,-0.29012789812438805,177 Main St,TRK79362428,-1.5278170356472913,-0.5560531330056603,0.5941897307346121,6,2,2025,1,True,False,False,False,False,False,True,False,False,False,False,False,False,False,False,False,True,False,False,True,False
ORD201040,2023-11-15,C13169,-1.3829951239375826,0.9115262963972129,932 Main St,TRK66288666,-0.2126230307859216,-0.6322689429004161,-0.6520224983108005,11,4,2023,0,False,False,False,False,False,True,False,True,False,False,True,False,False,False,False,False,False,False,True,False,False
ORD201041,2023-02-11,C21167,0.7492457523687547,1.027358779343202,948 Main St,TRK97737564,1.5409689756959049,1.4438819689513942,0.26429551565681464,2,1,2023,1,False,False,True,False,False,False,False,False,True,False,False,False,False,True,False,False,True,False,True,False,False
ORD201042,2024-12-09,C59724,-0.6722481651688036,0.27061699960626256,414 Main St,TRK67878272,-1.5278170356472913,-0.2860300104036914,1.311480870817204,12,4,2024,0,False,False,False,False,False,True,False,True,False,False,False,False,False,True,False,False,True,True,False,False,False
ORD201043,2025-01-11,C43965,-0.6722481651688036,-0.8952676371067869,675 Main St,TRK94346739,-0.2126230307859216,-0.8474543077499312,-0.8806704069708595,1,1,2025,1,False,False,False,False,False,True,False,False,True,False,False,False,False,True,True,False,False,False,False,True,False
ORD201044,2025-06-22,C63018,-1.3829951239375826,-1.6130434304650492,215 Main St,TRK52335337,-0.6510210324063782,-1.2401141534699407,-1.285405761949692,6,2,2025,1,False,False,False,False,True,False,True,False,False,False,True,False,False,False,False,False,False,False,False,False,True
ORD201045,2024-09-20,C11893,1.4599927111375337,-0.20301253534810096,671 Main St,TRK72012758,0.6641729724549916,0.6454422615109,0.11891620387749824,9,3,2024,0,False,True,False,False,False,False,False,False,True,False,False,False,True,False,True,False,False,False,False,False,False
ORD201046,2024-10-07,C85421,0.03849879359997556,0.9677428496622832,466 Main St,TRK16524006,-0.6510210324063782,0.7180665586457492,1.31545608637367,10,4,2024,0,False,False,False,False,False,True,False,False,False,True,False,False,False,True,False,False,True,False,False,True,False
ORD201047,2023-06-23,C81726,0.7492457523687547,0.9331909789280659,394 Main St,TRK69872994,0.22577497083453502,1.3531901637488513,0.9900671155932005,6,2,2023,0,False,False,False,False,False,False,False,False,True,False,False,False,False,True,False,False,True,False,False,False,True
ORD201048,2024-09-09,C57601,0.7492457523687547,-1.434652274075168,889 Main St,TRK21153699,1.5409689756959049,-0.9272494143747984,-1.1354130367422595,9,3,2024,0,False,False,True,False,False,False,False,True,False,False,False,False,False,True,True,False,False,False,True,False,False
ORD201049,2024-07-18,C60575,1.4599927111375337,0.17984857560697437,587 Main St,TRK44468232,0.22577497083453502,1.106353065698933,0.7715005699226,7,3,2024,0,True,False,False,False,False,False,True,False,False,False,False,False,False,True,True,False,False,False,False,True,False
ORD201050,2023-08-20,C70659,1.4599927111375337,-1.454693373840243,722 Main St,TRK49663597,1.5409689756959049,-0.8614050137765079,-1.0965442624123727,8,3,2023,1,False,True,False,False,False,False,False,False,False,True,False,False,True,False,True,False,False,False,False,True,False
ORD201051,2025-03-05,C35043,1.4599927111375337,-1.6742322059503156,820 Main St,TRK65097450,-0.2126230307859216,-1.12569881840434,-1.17632260200635,3,1,2025,0,False,False,True,False,False,False,False,False,True,False,False,False,False,True,False,False,False,True,False,False,False
ORD201052,2023-09-11,C12301,-1.3829951239375826,0.8895571920977763,493 Main St,TRK25145796,-1.966215037267748,-0.6375584838019115,2.1032140067082232,9,3,2023,0,False,False,False,False,False,True,False,False,False,True,False,False,False,True,False,False,True,False,True,False,False
ORD201053,2024-09-15,C32798,-0.6722481651688036,0.7113689835536172,679 Main St,TRK37375451,-1.5278170356472913,-0.07378870873491619,1.8752800143113662,9,3,2024,1,False,False,False,True,False,False,False,False,False,True,False,True,False,False,False,True,False,False,False,True,False
ORD201054,2023-11-29,C42949,-1.3829951239375826,1.543658098860674,447 Main St,TRK46415143,-1.0894190340268348,-0.48006942767702093,0.08140314932015673,11,4,2023,0,False,False,False,False,True,False,False,True,False,False,True,False,False,False,False,False,True,False,False,True,False
ORD201055,2023-10-23,C10787,0.7492457523687547,-0.4139768209764076,932 Main St,TRK91512567,1.5409689756959049,0.05575007121763888,-0.5551361289913647,10,4,2023,0,False,False,True,False,False,False,False,True,False,False,True,False,False,False,False,False,True,False,False,False,False
ORD201056,2024-06-14,C26152,-0.6722481651688036,0.6592621241644228,790 Main St,TRK49382455,0.22577497083453502,-0.098880433935081,-0.2956960744336031,6,2,2024,0,False,False,False,True,False,False,False,False,False,True,False,True,False,False,False,True,False,False,False,False,True
ORD201057,2024-09-24,C46210,0.03849879359997556,0.36767680682294146,535 Main St,TRK81611937,-1.0894190340268348,0.28462960546802313,1.4356373991358797,9,3,2024,0,False,True,False,False,False,False,False,True,False,False,False,False,False,True,False,False,True,True,False,False,False
ORD201058,2023-09-08,C32943,-0.6722481651688036,0.28274313338816853,127 Main St,TRK26949106,-1.5278170356472913,-0.2801907481613941,1.3269923241722292,9,3,2023,0,True,False,False,False,False,False,True,False,False,False,False,False,True,False,False,False,False,False,False,True,False
ORD201059,2024-09-22,C73629,-1.3829951239375826,-0.46055335156967014,601 Main St,TRK11492924,-1.0894190340268348,-0.9626270366628594,-0.7731762515587959,9,3,2024,1,True,False,False,False,False,False,True,False,False,False,False,False,True,False,False,False,True,False,False,True,False
ORD201060,2024-05-07,C38024,-0.6722481651688036,-0.42102925861525664,824 Main St,TRK93370912,0.6641729724549916,-0.6190878467509625,-0.8408283165003189,5,2,2024,0,False,False,False,False,False,True,False,False,False,False,False,False,False,True,False,False,True,False,False,False,True
ORD201061,2025-01-29,C25445,1.4599927111375337,-1.1401242129707139,830 Main St,TRK12402431,1.1025709740754481,-0.48270809011287075,-0.8136369149301154,1,1,2025,0,False,True,False,False,False,False,False,False,False,False,False,False,False,True,False,False,False,False,True,False,False
ORD201062,2023-08-23,C13501,1.4599927111375337,-1.3744275008570825,301 Main St,TRK65149372,-0.2126230307859216,-0.7647762180933024,-0.7928197657099296,8,3,2023,0,False,False,False,False,False,False,False,False,True,False,False,False,False,False,True,False,False,True,False,False,False
ORD201063,2024-06-19,C42108,-0.6722481651688036,-0.18129711585581718,336 Main St,TRK58407918,-0.2126230307859216,-0.5036463651825311,-0.5153529649425485,6,2,2024,0,True,False,False,False,False,False,True,False,False,False,False,False,False,True,False,False,False,False,False,False,True
ORD201064,2025-02-12,C32121,0.7492457523687547,-0.799628464810164,654 Main St,TRK96074264,1.5409689756959049,-0.3156660986878199,-0.7743877458236235,2,1,2025,0,False,True,False,False,False,False,False,False,False,False,False,False,True,False,False,False,False,False,False,False,True
ORD201065,2023-10-30,C47778,1.4599927111375337,1.5748105931790435,488 Main St,TRK79504329,0.6641729724549916,2.7813020729961604,1.7399766570649686,10,4,2023,0,False,False,False,False,True,False,False,True,False,False,True,False,False,False,False,True,False,False,False,False,True
ORD201066,2023-12-20,C10791,-1.3829951239375826,-0.0067112315732287525,674 Main St,TRK20321248,-0.2126230307859216,-0.8533546501412068,-0.8869398897913425,12,4,2023,0,True,False,False,False,False,False,False,True,False,False,False,False,False,False,False,True,False,False,False,True,False
ORD201067,2023-06-06,C78959,-0.6722481651688036,-0.20402727457671227,384 Main St,TRK37426359,-1.5278170356472913,-0.5145919278793899,0.7043275397031388,6,2,2023,0,False,False,False,True,False,False,False,False,False,True,False,False,True,False,True,False,False,False,False,True,False
ORD201068,2024-08-03,C29914,-1.3829951239375826,-1.1315496664889477,469 Main St,TRK22073506,-1.5278170356472913,-1.1241840307096853,-0.9149967989351813,8,3,2024,1,False,True,False,False,False,False,False,True,False,False,False,False,False,True,False,True,False,False,False,False,True
ORD201069,2023-02-25,C70506,-1.3829951239375826,0.49629500404943444,255 Main St,TRK12518384,-1.0894190340268348,-0.7322449307476164,-0.36518392405193123,2,1,2023,1,False,False,True,False,False,False,False,False,True,False,False,False,True,False,True,False,False,True,False,False,False
ORD201070,2024-09-06,C46873,0.7492457523687547,0.6843261831111239,496 Main St,TRK10926575,0.22577497083453502,1.1135116591591556,0.7778392809867876,9,3,2024,0,True,False,False,False,False,False,False,True,False,False,False,True,False,False,True,False,False,False,False,False,False
ORD201071,2025-06-24,C94037,-0.6722481651688036,-0.5138271610717678,216 Main St,TRK47536985,-1.5278170356472913,-0.6637740837432717,0.30803911214755547,6,2,2025,0,False,False,False,True,False,False,False,False,False,False,False,False,False,True,True,False,False,False,True,False,False
ORD201072,2023-02-26,C88644,-1.3829951239375826,0.18365384771426707,977 Main St,TRK14900878,-0.6510210324063782,-0.807520106348111,-0.7108329730290271,2,1,2023,1,False,False,True,False,False,False,False,False,True,False,False,False,False,False,False,True,False,False,False,False,True
ORD201073,2024-10-11,C69471,0.7492457523687547,0.028652430543878116,294 Main St,TRK11107152,-0.6510210324063782,0.48204064696493837,1.0019657199799004,10,4,2024,0,False,False,False,False,False,True,False,True,False,False,False,False,True,False,True,False,False,True,False,False,False
ORD201074,2024-05-10,C21437,-1.3829951239375826,-0.6782656530682425,120 Main St,TRK81624772,-0.6510210324063782,-1.015046020515784,-0.9864695521034724,5,2,2024,0,False,False,False,True,False,False,False,False,False,True,False,False,True,False,True,False,False,False,True,False,False
ORD201075,2024-08-31,C40949,-0.6722481651688036,0.9955467045262352,609 Main St,TRK43066749,0.6641729724549916,0.06305525703540842,-0.3230999510821406,8,3,2024,1,False,False,True,False,False,False,False,True,False,False,True,False,False,False,False,False,True,False,False,True,False
ORD201076,2023-05-08,C99116,0.7492457523687547,1.6753205137730014,176 Main St,TRK52711973,0.22577497083453502,2.0679256350298862,1.6229430660086952,5,2,2023,0,False,True,False,False,False,False,False,False,False,False,False,False,False,True,True,False,False,False,False,False,True
ORD201077,2025-03-07,C57861,0.03849879359997556,-0.26004087999606046,115 Main St,TRK47775217,1.1025709740754481,-0.1687805564255111,-0.6051571407055129,3,1,2025,0,False,False,False,False,True,False,True,False,False,False,False,False,False,False,False,True,False,False,False,False,True
ORD201078,2023-03-18,C62627,-1.3829951239375826,-1.5998518204931014,881 Main St,TRK90060232,-0.6510210324063782,-1.2369379857230842,-1.2811871658489529,3,1,2023,1,True,False,False,False,False,False,False,False,False,True,False,False,True,False,False,False,True,False,False,False,False
ORD201079,2024-06-20,C89979,1.4599927111375337,1.4083933596867768,144 Main St,TRK99055909,1.1025709740754481,2.58534779305237,1.2238638748787767,6,2,2024,0,False,False,False,True,False,False,False,False,True,False,True,False,False,False,True,False,False,False,False,False,False
ORD201080,2023-01-20,C70613,1.4599927111375337,0.5496195505129626,438 Main St,TRK33140293,0.6641729724549916,1.5515051914506408,0.80659372649688,1,1,2023,0,False,True,False,False,False,False,False,False,True,False,True,False,False,False,True,False,False,False,False,False,True
ORD201081,2023-04-21,C55636,0.7492457523687547,0.35103508347371487,494 Main St,TRK85897054,-0.2126230307859216,0.7925232602499386,0.8619083294353624,4,2,2023,0,False,False,True,False,False,False,True,False,False,False,False,True,False,False,False,False,False,False,True,False,False
ORD201082,2023-10-06,C96595,0.03849879359997556,1.1000141081117774,177 Main St,TRK59779174,-0.2126230307859216,0.8136081276771462,0.8843123198042107,10,4,2023,0,False,False,False,False,False,False,False,True,False,False,False,True,False,False,False,True,False,False,False,False,False
ORD201083,2024-07-09,C68508,-1.3829951239375826,-1.182844734495253,895 Main St,TRK98960285,-1.0894190340268348,-1.1365344368330381,-1.0811554007389075,7,3,2024,0,False,False,False,False,False,False,True,False,False,False,True,False,False,False,False,True,False,False,False,False,False
ORD201084,2023-01-08,C45175,-1.3829951239375826,-1.4490108341600192,128 Main St,TRK41792296,-1.966215037267748,-1.200619729140762,-0.8882249390651062,1,1,2023,1,False,False,False,True,False,False,False,False,True,False,False,True,False,False,False,False,True,False,False,True,False
ORD201085,2023-05-21,C28049,-0.6722481651688036,1.4727785637421693,404 Main St,TRK91426444,0.6641729724549916,0.2928632095502583,-0.14868186350608795,5,2,2023,1,False,False,False,False,True,False,False,True,False,False,False,False,False,True,False,False,True,False,False,True,False
ORD201086,2023-12-23,C46967,-0.6722481651688036,0.7966070787569732,401 Main St,TRK91439791,-0.2126230307859216,-0.03274284862169627,-0.01498852650780798,12,4,2023,1,False,False,False,False,False,True,False,False,False,True,False,True,False,False,False,False,True,False,False,True,False
ORD201087,2025-03-23,C84134,0.7492457523687547,1.7080965908571493,530 Main St,TRK48659380,1.1025709740754481,2.0994918560217197,0.901206174650709,3,1,2025,1,False,True,False,False,False,False,False,False,False,True,False,False,False,True,False,True,False,False,False,True,False
ORD201088,2023-11-30,C49831,0.03849879359997556,0.6850365005711518,213 Main St,TRK21232601,0.22577497083453502,0.5138634045824795,0.24686946868683868,11,4,2023,0,True,False,False,False,False,False,False,False,True,False,False,False,False,True,False,False,True,False,False,True,False
ORD201089,2025-03-15,C13324,-0.6722481651688036,1.2345685298256468,440 Main St,TRK66967997,-1.5278170356472913,0.17815468976956295,2.5445440603240055,3,1,2025,1,False,False,False,False,False,True,False,False,True,False,False,False,False,True,True,False,False,False,False,True,False
ORD201090,2023-02-25,C61225,-0.6722481651688036,1.4908409220114518,996 Main St,TRK37022954,0.22577497083453502,0.30156102276472624,0.05888233629005726,2,1,2023,1,False,False,True,False,False,False,False,False,True,False,False,False,True,False,True,False,False,False,False,True,False
ORD201091,2024-10-08,C16400,0.03849879359997556,-0.7454921269637467,123 Main St,TRK57771859,-0.6510210324063782,-0.519429475678448,-0.3281900813223731,10,4,2024,0,False,True,False,False,False,False,False,True,False,False,False,True,False,False,True,False,False,False,False,False,False
ORD201092,2023-08-21,C38642,1.4599927111375337,-0.7469127618838026,930 Main St,TRK47744396,0.22577497083453502,-0.009336935533324275,-0.2164081015658657,8,3,2023,0,False,True,False,False,False,False,False,True,False,False,True,False,False,False,False,False,True,False,False,False,False
ORD201093,2023-06-09,C86773,0.7492457523687547,-0.8069853242175965,557 Main St,TRK22612240,1.5409689756959049,-0.32275139596926855,-0.7785702855474331,6,2,2023,0,False,False,False,True,False,False,False,False,True,False,False,False,True,False,False,False,False,False,False,True,False
ORD201094,2023-06-28,C66093,0.7492457523687547,1.4840421691797552,615 Main St,TRK54950785,0.22577497083453502,1.8837079057122197,1.4598240167801166,6,2,2023,0,False,False,False,False,True,False,True,False,False,False,False,False,False,True,False,True,False,False,False,True,False
ORD201095,2024-04-23,C33051,-0.6722481651688036,0.43190979999404217,397 Main St,TRK92929755,-1.5278170356472913,-0.20836049296325895,1.5178026708825825,4,2,2024,0,False,False,False,True,False,False,False,False,False,True,True,False,False,False,False,True,False,False,False,False,False
ORD201096,2025-05-03,C18169,-0.6722481651688036,0.5505328158187129,782 Main St,TRK49482923,-1.5278170356472913,-0.15123833763902778,1.669542327552244,5,2,2025,1,False,False,False,False,False,True,False,True,False,False,False,False,True,False,True,False,False,True,False,False,False
ORD201097,2024-12-26,C81370,1.4599927111375337,0.7612434166398666,344 Main St,TRK99682998,0.6641729724549916,1.8062704928379039,0.9999537741472402,12,4,2024,0,False,False,True,False,False,False,False,False,True,False,False,False,False,True,False,False,True,False,True,False,False
ORD201098,2023-06-17,C91103,0.7492457523687547,-0.5101740998487667,155 Main St,TRK91653000,0.6641729724549916,-0.03689629875220051,-0.39896050777718944,6,2,2023,1,False,False,True,False,False,False,True,False,False,False,True,False,False,False,True,False,False,False,False,False,False
ORD201099,2024-09-19,C21953,-0.6722481651688036,-1.172951027016292,272 Main St,TRK60774796,-1.0894190340268348,-0.981170969892582,-0.806016399666088,9,3,2024,0,False,True,False,False,False,False,False,False,False,False,False,False,False,False,False,False,False,False,False,False,False
ORD201100,2023-08-17,C15146,1.4599927111375337,-1.6149714349994109,428 Main St,TRK79790530,0.22577497083453502,-1.054357204398029,-1.1417409308933681,8,3,2023,0,False,True,False,False,False,False,False,True,False,False,False,False,False,False,False,False,True,False,False,True,False
ORD201101,2025-06-08,C43546,0.03849879359997556,-0.9865434307203809,904 Main St,TRK85871121,-0.6510210324063782,-0.6935445483551518,-0.5594502744909665,6,2,2025,1,False,False,True,False,False,False,False,False,False,False,False,True,False,False,False,True,False,False,False,False,False
ORD201102,2024-06-03,C98474,0.7492457523687547,-0.046894905026239345,997 Main St,TRK86192984,1.1025709740754481,0.4092819735023377,-0.2212648955382551,6,2,2024,0,False,False,False,False,False,False,False,True,False,False,False,False,False,True,True,False,False,False,False,True,False
ORD201103,2023-04-24,C90292,0.7492457523687547,-0.4063662767618222,129 Main St,TRK26270357,-0.2126230307859216,0.0630796890949996,0.08682891292049184,4,2,2023,0,False,True,False,False,False,False,False,False,False,True,True,False,False,False,True,False,False,False,True,False,False
ORD201104,2024-07-25,C17075,0.7492457523687547,-0.21133339702271423,850 Main St,TRK63547510,1.1025709740754481,0.2509133632321636,-0.3264377414036045,7,3,2024,0,False,False,False,False,False,True,False,False,False,True,False,False,False,True,True,False,False,False,False,True,False
ORD201105,2024-01-08,C12487,0.03849879359997556,0.6051765232794358,884 Main St,TRK23324770,-1.0894190340268348,0.45617931188765054,1.739441219867567,1,1,2024,0,False,False,False,False,False,True,False,False,True,False,False,False,False,False,False,False,False,False,True,False,False
ORD201106,2023-03-12,C34555,-1.3829951239375826,0.08314392712030948,903 Main St,TRK72859458,0.22577497083453502,-0.8317200613731971,-0.9446026900319067,3,1,2023,1,False,False,False,False,False,False,False,False,False,False,False,False,False,False,False,True,False,True,False,False,False
ORD201107,2025-06-30,C25110,-0.6722481651688036,-1.4876216618086824,282 Main St,TRK80963328,-0.6510210324063782,-1.1326986034772193,-1.1427360868966194,6,2,2025,0,False,False,False,False,False,True,False,False,False,True,False,False,False,False,False,True,False,False,True,False,False
ORD201108,2023-03-20,C35136,-1.3829951239375826,1.4131626340612506,462 Main St,TRK49753703,-0.2126230307859216,-0.5114890563113071,-0.5236863147784698,3,1,2023,0,False,True,False,False,False,False,False,False,False,True,False,False,False,False,False,False,True,False,False,True,False
ORD201109,2024-04-08,C62277,0.7492457523687547,-1.4152707548086907,474 Main St,TRK32026174,0.6641729724549916,-0.9085833208471198,-1.060547636050462,4,2,2024,0,False,False,False,False,True,False,False,False,True,False,False,False,True,False,False,True,False,False,False,True,False
ORD201110,2024-02-25,C12472,0.03849879359997556,-1.3805666731901813,912 Main St,TRK36103184,-1.0894190340268348,-0.9781536105330685,-0.8006728446051516,2,1,2024,1,False,False,False,False,False,False,True,False,False,False,False,False,False,True,False,True,False,False,False,False,False
ORD201111,2023-05-06,C24047,0.7492457523687547,-0.6188019342716155,362 Main St,TRK91338580,1.5409689756959049,-0.1415143779217293,-0.6715838039225355,5,2,2023,1,False,False,True,False,False,False,False,False,False,True,False,False,False,False,False,False,False,False,False,True,False
ORD201112,2023-10-13,C76929,-1.3829951239375826,0.0020155257928292872,563 Main St,TRK80694400,-1.966215037267748,-0.8512534930163633,0.967892443781623,10,4,2023,0,True,False,False,False,False,False,False,False,False,True,True,False,False,False,False,False,True,False,False,True,False
ORD201113,2023-03-19,C52914,0.7492457523687547,-0.7429045419307876,168 Main St,TRK80819053,1.1025709740754481,-0.2610360134418913,-0.666424136383939,3,1,2023,1,True,False,False,False,False,False,False,False,False,False,True,False,False,False,True,False,False,False,True,False,False
ORD201114,2023-03-16,C55164,0.03849879359997556,1.5397006158690898,609 Main St,TRK79610967,-1.0894190340268348,1.1312004703031862,2.934861551860081,3,1,2023,0,False,False,False,False,False,True,False,False,True,False,False,False,False,False,True,False,False,False,True,False,False
ORD201115,2025-06-20,C70426,-0.6722481651688036,-0.10194450817840704,562 Main St,TRK89687816,-1.0894190340268348,-0.46543462398189067,0.10732047305700516,6,2,2025,0,False,True,False,False,False,False,False,False,False,True,False,False,True,False,True,False,False,False,True,False,False
ORD201116,2023-10-14,C69149,-0.6722481651688036,0.888288768062012,562 Main St,TRK61265132,0.6641729724549916,0.011405883059606584,-0.36230044407977774,10,4,2023,1,False,False,False,False,True,False,True,False,False,False,True,False,False,False,False,False,True,True,False,False,False
ORD201117,2024-05-20,C78684,0.03849879359997556,1.1772357634091037,858 Main St,TRK95779073,1.1025709740754481,0.869386519723861,0.08429126511220116,5,2,2024,0,False,False,False,False,False,False,False,False,True,False,False,False,False,True,False,False,True,False,True,False,False
ORD201118,2024-05-24,C58168,0.03849879359997556,-0.5323968889553561,359 Main St,TRK99102265,-0.6510210324063782,-0.3655075002538729,-0.12375042413270922,5,2,2024,0,False,False,False,True,False,False,True,False,False,False,False,False,True,False,True,False,False,False,False,False,False
ORD201119,2024-11-24,C99024,-1.3829951239375826,1.6653760693326096,250 Main St,TRK24675988,-1.966215037267748,-0.4507631721973736,3.0956225140374767,11,4,2024,1,False,True,False,False,False,False,True,False,False,False,True,False,False,False,False,False,False,False,False,False,False
ORD201120,2025-05-10,C22919,-1.3829951239375826,-0.8145958684321818,267 Main St,TRK82416295,-1.0894190340268348,-1.0478704925765645,-0.9241370904867824,5,2,2025,1,False,False,False,False,False,True,False,False,False,True,False,True,False,False,True,False,False,True,False,False,False
ORD201121,2023-05-28,C98354,0.03849879359997556,-1.5529201311698249,393 Main St,TRK43070888,-1.0894190340268348,-1.1026471701800404,-1.021143166977624,5,2,2023,1,False,False,False,True,False,False,False,False,True,False,False,False,True,False,False,False,False,False,False,True,False
ORD201122,2023-06-07,C38840,1.4599927111375337,1.6325999922484624,766 Main St,TRK32496970,1.1025709740754481,2.7813020729961604,1.3539974237305663,6,2,2023,0,False,False,True,False,False,False,False,False,False,True,False,False,True,False,True,False,False,True,False,False,False
ORD201123,2023-04-14,C68936,0.03849879359997556,1.0037660922779874,843 Main St,TRK73163634,0.22577497083453502,0.7440867021103796,0.45072501257024633,4,2,2023,0,False,False,False,False,False,True,False,True,False,False,False,False,False,True,False,False,True,False,False,False,True
ORD201124,2023-05-09,C33744,0.7492457523687547,1.118533099033935,888 Main St,TRK40245983,-0.2126230307859216,1.5316907911221758,1.6473200613231198,5,2,2023,0,False,False,False,False,False,False,False,False,True,False,False,False,True,False,True,False,False,False,False,True,False
ORD201125,2023-10-16,C23555,0.7492457523687547,0.26356456196741357,156 Main St,TRK67210247,-0.6510210324063782,0.7082815187794727,1.30245956530947,10,4,2023,0,True,False,False,False,False,False,False,False,True,False,False,False,False,False,False,False,False,False,False,False,True
ORD201126,2024-07-22,C34337,1.4599927111375337,-0.8437696212547591,325 Main St,TRK36195559,0.6641729724549916,-0.12593893993233762,-0.46654149014705165,7,3,2024,0,False,False,False,True,False,False,False,False,False,False,True,False,False,False,False,True,False,False,True,False,False
ORD201127,2025-03-15,C69396,0.03849879359997556,1.249840355216248,920 Main St,TRK33155049,0.22577497083453502,0.9218299356363772,0.6081110978670511,3,1,2025,1,False,False,False,False,True,False,True,False,False,False,False,False,False,True,False,True,False,False,False,False,False
ORD201128,2023-08-17,C49198,0.03849879359997556,1.4732859333564745,447 Main St,TRK10883354,-0.2126230307859216,1.08322812129586,1.1708004260793259,8,3,2023,0,False,False,True,False,False,False,False,False,False,False,False,False,False,False,False,False,True,False,True,False,False
ORD201129,2023-06-11,C43911,0.7492457523687547,0.3160773170480525,239 Main St,TRK37495481,1.1025709740754481,0.7588558821332614,0.01088769295934087,6,2,2023,1,False,False,False,False,False,False,False,False,False,False,False,True,False,False,False,False,False,False,False,True,False
ORD201130,2025-02-16,C24347,-0.6722481651688036,-0.16724297753954961,533 Main St,TRK27233265,-0.2126230307859216,-0.4968786846757682,-0.5081618811277502,2,1,2025,1,False,True,False,False,False,False,True,False,False,False,False,False,True,False,False,False,False,False,False,True,False
ORD201131,2024-07-18,C21043,-1.3829951239375826,1.7153519763417204,195 Main St,TRK41691086,-1.0894190340268348,-0.4387303828487064,0.15461201703759828,7,3,2024,0,False,False,False,True,False,False,True,False,False,False,False,True,False,False,False,False,True,True,False,False,False
ORD201132,2024-12-02,C58858,-0.6722481651688036,-0.09687081203535011,948 Main St,TRK30406357,-0.6510210324063782,-0.46299141802277044,-0.2532288736861629,12,4,2024,0,False,False,False,False,False,False,True,False,False,False,False,False,False,False,False,True,False,False,False,False,False
ORD201133,2024-04-09,C20670,-0.6722481651688036,0.5657031672864532,432 Main St,TRK76731303,-0.2126230307859216,-0.14393315182125824,-0.13313517791989168,4,2,2024,0,False,False,False,False,True,False,False,False,True,False,False,False,True,False,False,False,True,True,False,False,False
ORD201134,2024-06-08,C90993,0.7492457523687547,-1.614108906655091,950 Main St,TRK53964711,-0.6510210324063782,-1.100081803922964,-1.0994143500159526,6,2,2024,1,True,False,False,False,False,False,False,True,False,False,False,False,False,False,False,False,True,True,False,False,False
ORD201135,2023-12-28,C11473,-0.6722481651688036,-1.4358699611495016,562 Main St,TRK97793275,-1.5278170356472913,-1.107777902694193,-0.8714154561406227,12,4,2023,0,False,False,False,False,True,False,False,False,False,True,False,False,False,True,False,True,False,False,True,False,False
ORD201136,2023-09-24,C71899,0.03849879359997556,1.582573348277921,799 Main St,TRK34856025,-0.6510210324063782,1.162168105835035,1.9053131734747049,9,3,2023,1,False,False,False,False,False,True,False,False,True,False,False,True,False,False,False,False,True,True,False,False,False
ORD201137,2024-07-29,C48577,0.7492457523687547,0.27295089983206866,841 Main St,TRK59911645,-0.2126230307859216,0.7173213808282174,0.7820016291395167,7,3,2024,0,False,False,False,False,True,False,False,False,False,False,False,True,False,False,False,False,True,False,False,True,False
ORD201138,2023-12-18,C13100,0.7492457523687547,-0.3145831135339224,188 Main St,TRK55565668,-0.6510210324063782,0.15147488069597004,0.56290721811067,12,4,2023,0,True,False,False,False,False,False,False,True,False,False,False,True,False,False,True,False,False,False,False,True,False
ORD201139,2025-03-01,C70659,0.03849879359997556,0.7377522034975131,568 Main St,TRK28290825,-0.6510210324063782,0.5519407694553684,1.094807284935397,3,1,2025,1,False,False,False,False,False,False,False,False,True,False,False,False,False,False,False,False,False,False,False,False,False
ORD201140,2024-06-24,C49838,-0.6722481651688036,0.9965614437548468,904 Main St,TRK38297718,-1.0894190340268348,0.06354389822723258,1.044108413334976,6,2,2024,0,False,False,False,False,True,False,True,False,False,False,False,False,False,False,True,False,False,False,False,False,True
ORD201141,2025-02-16,C11998,0.03849879359997556,0.7217193236854534,382 Main St,TRK26707221,0.22577497083453502,0.5403599732091385,0.2703313531547954,2,1,2025,1,False,False,False,False,False,False,False,False,False,False,False,False,False,False,True,False,False,False,False,False,False
ORD201142,2024-08-23,C23405,0.7492457523687547,1.7183961940275547,484 Main St,TRK83678708,1.1025709740754481,2.109411272215748,0.9077936747157092,8,3,2024,0,False,False,False,True,False,False,False,True,False,False,False,False,True,False,True,False,False,False,False,False,False
ORD201143,2023-04-03,C41132,-1.3829951239375826,0.12784319014064094,114 Main St,TRK51040137,-0.2126230307859216,-0.8209577391232723,-0.8525161456093115,4,2,2023,0,False,False,False,False,False,False,False,True,False,False,False,True,False,False,True,False,False,False,False,False,False
ORD201144,2023-02-16,C88463,1.4599927111375337,0.7688032238930215,292 Main St,TRK88749996,1.5409689756959049,1.8153714350356267,0.4835904001413888,2,1,2023,0,True,False,False,False,False,False,False,False,False,True,False,False,False,False,True,False,False,True,False,False,False
ORD201145,2025-05-12,C28152,0.03849879359997556,1.0914395616300108,821 Main St,TRK59642814,0.22577497083453502,0.8074146005707762,0.5067998899708398,5,2,2025,0,True,False,False,False,False,False,False,True,False,False,True,False,False,False,False,False,False,True,False,False,False
ORD201146,2024-10-03,C36383,1.4599927111375337,0.329928507518598,286 Main St,TRK93336357,-0.2126230307859216,1.2870281463758748,1.3873506991520346,10,4,2024,0,False,False,True,False,False,False,False,False,False,False,False,True,False,False,False,True,False,False,False,True,False
ORD201147,2025-01-02,C19759,-0.6722481651688036,1.1765254459490753,234 Main St,TRK22515454,-1.5278170356472913,0.15020441359722728,2.470296768950997,1,1,2025,0,False,False,False,False,False,False,False,False,False,True,False,True,False,False,False,False,False,False,False,False,False
ORD201148,2024-06-25,C54886,-1.3829951239375826,-0.0064068098046453255,442 Main St,TRK66241930,-1.5278170356472913,-0.8532813539624331,-0.19536920562756446,6,2,2024,0,False,False,False,True,False,False,False,False,False,False,False,False,True,False,False,True,False,False,False,False,False
ORD201149,2024-07-25,C27305,-0.6722481651688036,1.7193601962947351,957 Main St,TRK28789916,0.22577497083453502,0.4116030191635017,0.15632108930405147,7,3,2024,0,False,False,False,False,False,False,True,False,False,False,False,True,False,False,False,False,False,False,False,True,False
ORD201150,2023-02-20,C17921,0.7492457523687547,-0.2727758573151336,119 Main St,TRK79291524,1.1025709740754481,0.19173891490227135,-0.365735586618951,2,1,2023,0,True,False,False,False,False,False,True,False,False,False,False,False,False,False,False,True,False,False,False,False,True
ORD201151,2023-01-29,C94381,-0.6722481651688036,1.276680207813019,962 Main St,TRK69804304,-0.6510210324063782,0.19843329923026082,0.6252775389231354,1,1,2023,1,False,False,False,False,False,False,False,False,False,False,False,False,False,False,True,False,False,False,True,False,False
ORD201152,2023-11-09,C25162,-0.6722481651688036,-0.06206525649397958,533 Main St,TRK42183078,0.6641729724549916,-0.44623102514320556,-0.7096346135872238,11,4,2023,0,False,False,False,False,False,True,True,False,False,False,False,False,False,True,True,False,False,False,False,False,True
ORD201153,2024-12-16,C98317,0.7492457523687547,1.7265648448178763,276 Main St,TRK37172138,-0.6510210324063782,2.117278395404115,3.1738936970758056,12,4,2024,0,False,False,True,False,False,False,False,True,False,False,False,False,False,True,True,False,False,False,False,True,False
ORD201154,2025-06-11,C53631,0.03849879359997556,-0.8005417301159142,593 Main St,TRK67589167,1.1025709740754481,-0.5591926526631299,-0.8644304345199759,6,2,2025,0,False,False,True,False,False,False,False,False,False,False,False,True,False,False,False,True,False,False,False,True,False
ORD201155,2023-08-13,C41478,0.7492457523687547,0.9039157521826275,667 Main St,TRK62068126,0.22577497083453502,1.3249955669806037,0.9651016802072883,8,3,2023,1,False,False,False,False,True,False,True,False,False,False,True,False,False,False,False,False,False,True,False,False,False
ORD201156,2023-07-19,C20512,0.7492457523687547,1.6964778266895486,980 Main St,TRK98234737,1.5409689756959049,2.0883019727289485,0.644704714812693,7,3,2023,0,False,True,False,False,False,False,True,False,False,False,False,False,False,True,True,False,False,False,False,False,True
ORD201157,2024-05-29,C25841,0.03849879359997556,-0.27835692307249604,242 Main St,TRK21451375,-0.2126230307859216,-0.1820105166941471,-0.1735947595999033,5,2,2024,0,False,False,True,False,False,False,False,True,False,False,True,False,False,False,False,False,False,False,True,False,False
ORD201158,2023-04-20,C82781,0.7492457523687547,-1.6692092467686894,661 Main St,TRK20605418,-0.6510210324063782,-1.1531482373550557,-1.1698973556375318,4,2,2023,0,False,False,True,False,False,False,False,True,False,False,False,True,False,False,False,True,False,False,False,False,True
ORD201159,2024-02-23,C66112,0.7492457523687547,0.5595639949533541,874 Main St,TRK60955607,1.1025709740754481,0.9933547900896221,0.16661879055508644,2,1,2024,0,True,False,False,False,False,False,False,True,False,False,False,False,True,False,True,False,False,False,False,True,False
ORD201160,2024-09-04,C40466,-1.3829951239375826,0.9397867839140396,449 Main St,TRK70255168,-0.2126230307859216,-0.6254646143042664,-0.6447924736089184,9,3,2024,0,True,False,False,False,False,False,False,True,False,False,False,False,False,True,False,True,False,False,False,False,False
ORD201161,2023-10-16,C32570,-1.3829951239375826,-1.7505405959418918,826 Main St,TRK35969968,0.22577497083453502,-1.2732195942160198,-1.3355367456134748,10,4,2023,0,False,False,False,True,False,False,False,False,False,False,False,False,False,False,False,False,True,False,False,False,False
ORD201162,2025-03-11,C29405,-0.6722481651688036,-0.6699447913936291,251 Main St,TRK33125798,-1.0894190340268348,-0.7389515311054015,-0.3770608946124735,3,1,2025,0,False,False,False,True,False,False,False,True,False,False,True,False,False,False,False,False,True,False,False,False,True
ORD201163,2024-06-11,C30643,0.03849879359997556,-0.25430760335440616,966 Main St,TRK19477485,0.6641729724549916,-0.16463932232480216,-0.4959140449759338,6,2,2024,0,False,True,False,False,False,False,True,False,False,False,False,False,True,False,False,False,True,False,False,True,False
ORD201164,2024-01-08,C65890,1.4599927111375337,-0.2072237031468381,340 Main St,TRK64530489,0.22577497083453502,0.6403726091457254,0.35888942053107964,1,1,2024,0,False,False,False,False,False,True,False,True,False,False,True,False,False,False,False,False,True,False,False,False,False
ORD201165,2023-07-14,C36992,0.03849879359997556,-0.6728875351566022,617 Main St,TRK63460217,-1.0894190340268348,-0.466986059765932,0.10457297713498526,7,3,2023,0,False,False,False,False,False,False,False,True,False,False,False,True,False,False,True,False,False,False,True,False,False
ORD201166,2023-07-31,C95568,0.03849879359997556,-0.16206780747363136,971 Main St,TRK37075292,-0.6510210324063782,-0.09801309581959328,0.231536494397614,7,3,2023,0,False,False,False,False,False,False,False,False,False,False,True,False,False,False,False,False,True,False,False,False,False
ORD201167,2023-10-17,C17966,-0.6722481651688036,-1.337135834205614,360 Main St,TRK31169396,-0.2126230307859216,-1.060233114729713,-1.1067611973790858,10,4,2023,0,False,False,False,False,True,False,True,False,False,False,False,True,False,False,False,False,False,True,False,False,False
ORD201168,2023-04-08,C89559,-0.6722481651688036,-0.12680561927938583,297 Main St,TRK82838108,0.22577497083453502,-0.47740633318157977,-0.6308689430938637,4,2,2023,1,False,True,False,False,False,False,True,False,False,False,True,False,False,False,False,False,True,False,True,False,False
ORD201169,2024-12-23,C15849,-1.3829951239375826,0.8575421694350868,643 Main St,TRK26794546,-1.5278170356472913,-0.645266798602936,0.3572019820907841,12,4,2024,0,False,False,False,False,False,False,False,False,False,False,False,False,False,False,False,True,False,False,False,True,False
ORD201170,2023-08-03,C94257,-0.6722481651688036,1.7290002189665439,762 Main St,TRK40220743,0.6641729724549916,0.4162451104858304,-0.05503830170946196,8,3,2023,0,False,False,False,False,True,False,False,False,False,False,False,False,True,False,False,False,False,False,False,False,False
ORD201171,2023-08-28,C39911,0.7492457523687547,0.8218740855493968,699 Main St,TRK80431998,0.6641729724549916,1.2459822862626548,0.5747100155529573,8,3,2023,0,False,False,False,True,False,False,True,False,False,False,True,False,False,False,False,True,False,True,False,False,False
ORD201172,2025-02-04,C28828,0.03849879359997556,-1.1388050519735191,745 Main St,TRK32550359,1.1025709740754481,-0.8035254646049494,-1.0266922433870578,2,1,2025,0,True,False,False,False,False,False,True,False,False,False,False,True,False,False,True,False,False,False,False,True,False
ORD201173,2024-10-04,C82921,-1.3829951239375826,-0.7511746666439704,703 Main St,TRK31079911,-0.6510210324063782,-1.0326004553320631,-1.009785408244865,10,4,2024,0,False,False,True,False,False,False,False,False,False,True,False,False,False,True,False,False,False,False,False,False,False
ORD201174,2023-11-27,C50159,0.03849879359997556,-0.6802443945640346,105 Main St,TRK53737452,-0.2126230307859216,-0.47230003272701854,-0.4820455261902515,11,4,2023,0,False,False,False,False,True,False,True,False,False,False,False,False,True,False,False,False,True,False,False,False,False
ORD201175,2024-09-10,C62512,0.03849879359997556,-1.3428691108472683,368 Main St,TRK24139954,1.1025709740754481,-0.9509240801186735,-1.124579898293823,9,3,2024,0,False,False,False,False,True,False,False,True,False,False,False,False,True,False,False,False,False,False,False,False,True
ORD201176,2023-08-13,C39260,-0.6722481651688036,-0.723421548741449,374 Main St,TRK55587314,-1.5278170356472913,-0.7647029219145287,0.039931104575967866,8,3,2023,1,False,False,False,False,False,True,False,True,False,False,False,False,False,False,False,False,True,False,False,False,False
ORD201177,2023-04-27,C23917,-1.3829951239375826,-1.1611800519644,433 Main St,TRK44434536,-1.0894190340268348,-1.1313181921103164,-1.0719177569695968,4,2,2023,0,False,False,False,False,True,False,False,False,False,False,False,False,False,True,False,True,False,False,False,False,True
ORD201178,2024-09-08,C65107,-1.3829951239375826,-1.4519535779229922,456 Main St,TRK10261578,-0.6510210324063782,-1.201328258868907,-1.2338902134118204,9,3,2024,1,False,False,True,False,False,False,True,False,False,False,False,False,False,False,False,False,False,False,True,False,False
ORD201179,2023-01-08,C84630,1.4599927111375337,0.8226351399708552,907 Main St,TRK48054997,0.22577497083453502,1.8801774731012912,1.4566979289003383,1,1,2023,1,False,True,False,False,False,False,True,False,False,False,False,False,False,False,False,False,True,False,False,True,False
ORD201180,2023-10-31,C42235,0.7492457523687547,-0.2945420137688476,722 Main St,TRK49379882,1.1025709740754481,0.17077620777301988,-0.3796569537513899,10,4,2023,0,False,False,False,False,False,False,False,True,False,False,False,True,False,False,False,False,False,False,True,False,False
ORD201181,2023-07-27,C70246,0.03849879359997556,-1.0029314692624547,293 Main St,TRK45708320,0.6641729724549916,-0.7053818812270893,-0.9063231799192658,7,3,2023,0,True,False,False,False,False,False,False,False,False,True,False,True,False,False,False,False,False,False,False,True,False
ORD201182,2025-06-14,C18473,-0.6722481651688036,0.3240937569540826,700 Main St,TRK97834202,-1.0894190340268348,-0.26027861959456405,0.4706389495483506,6,2,2025,1,False,False,False,False,False,False,False,False,True,False,False,False,True,False,False,True,False,False,True,False,False
ORD201183,2023-04-05,C12607,-1.3829951239375826,-0.37998305681792627,460 Main St,TRK83653396,0.22577497083453502,-0.9432279813474448,-1.043339472615359,4,2,2023,0,True,False,False,False,False,False,False,False,True,False,False,False,False,True,False,False,True,False,False,False,True
ORD201184,2023-09-27,C10222,-1.3829951239375826,-0.772890086136254,979 Main St,TRK86297895,-0.6510210324063782,-1.0378289160845804,-1.0167298664414663,9,3,2023,0,False,True,False,False,False,False,False,False,True,False,False,False,True,False,True,False,False,False,True,False,False
ORD201185,2024-07-08,C77344,-1.3829951239375826,-0.06647937213843913,777 Main St,TRK20605055,0.22577497083453502,-0.867745133240425,-0.9765017667013415,7,3,2024,0,False,False,False,False,False,False,False,False,True,False,False,False,True,False,False,True,False,False,True,False,False
ORD201186,2023-11-18,C65497,-1.3829951239375826,-0.9796939409272541,676 Main St,TRK83702761,0.22577497083453502,-1.087621453531451,-1.17119538520699,11,4,2023,1,False,False,True,False,False,False,False,False,False,False,False,False,False,True,False,False,True,True,False,False,False
ORD201187,2024-03-13,C26340,-0.6722481651688036,-0.8717256870030029,562 Main St,TRK59962703,0.6641729724549916,-0.8361178320996133,-1.0055482688645623,3,1,2024,0,True,False,False,False,False,False,False,False,True,False,True,False,False,False,False,False,True,False,False,False,False
ORD201188,2023-10-07,C75619,-0.6722481651688036,0.07548264594429357,924 Main St,TRK23086941,-0.2126230307859216,-0.3799957115914558,-0.383966411921991,10,4,2023,1,False,False,False,False,True,False,False,False,True,False,False,False,False,True,False,False,True,True,False,False,False
ORD201189,2024-08-17,C96136,1.4599927111375337,0.16645401778930416,149 Main St,TRK60856682,0.6641729724549916,1.0902279063687395,0.4564966083344441,8,3,2024,1,False,False,False,False,False,True,False,False,False,False,False,False,False,False,True,False,False,False,False,False,True
ORD201190,2025-06-08,C46886,0.03849879359997556,1.3190455706075443,754 Main St,TRK82791646,0.22577497083453502,0.9718179295599774,0.6523739061855751,6,2,2025,1,True,False,False,False,False,False,True,False,False,False,False,False,False,True,False,False,False,False,False,True,False
ORD201191,2025-02-10,C44148,0.7492457523687547,0.10156144411960608,809 Main St,TRK67872709,-0.2126230307859216,0.5522583862300541,0.6066118737143269,2,1,2025,0,True,False,False,False,False,False,False,False,True,False,False,True,False,False,False,False,True,False,False,True,False
ORD201192,2024-02-28,C72007,0.03849879359997556,0.38781938051087755,999 Main St,TRK16240916,-0.6510210324063782,0.29917889695458394,0.7590881621646559,2,1,2024,0,False,False,False,False,False,False,False,False,False,True,False,True,False,False,True,False,False,False,False,True,False
ORD201193,2025-06-16,C45104,-1.3829951239375826,1.681814844836114,348 Main St,TRK38559816,-1.966215037267748,-0.44680517854359886,3.1166505930626993,6,2,2025,0,False,False,False,False,False,True,False,False,False,False,False,False,True,False,False,False,False,False,False,False,False
ORD201194,2023-11-19,C29885,0.03849879359997556,-0.8471689976706074,725 Main St,TRK62067865,-0.6510210324063782,-0.5928722468096024,-0.42573700346715554,11,4,2023,1,False,False,False,False,True,False,False,False,False,False,False,True,False,False,False,False,False,False,False,False,False
ORD201195,2024-06-20,C21126,-1.3829951239375826,-1.2652415598584974,392 Main St,TRK38009181,0.22577497083453502,-1.1563732692210944,-1.2320729720145789,6,2,2024,0,True,False,False,False,False,False,True,False,False,False,False,False,False,False,False,False,False,False,True,False,False
ORD201196,2024-03-04,C20095,-0.6722481651688036,1.5531459106481906,778 Main St,TRK69207593,-0.2126230307859216,0.3315635919427227,0.37210985169601146,3,1,2024,0,False,False,True,False,False,False,False,False,False,True,False,False,False,False,True,False,False,True,False,False,False
ORD201197,2023-07-13,C79674,-0.6722481651688036,0.4080634281216744,275 Main St,TRK88039356,-1.5278170356472913,-0.2198435609711242,1.4872989760003148,7,3,2023,0,False,False,False,False,False,True,False,False,False,True,True,False,False,False,False,False,False,False,False,True,False
ORD201198,2024-08-22,C64753,0.7492457523687547,-0.47638328353600773,509 Main St,TRK71683331,-0.6510210324063782,-0.004352795376719075,0.35593640326056236,8,3,2024,0,False,False,False,False,False,False,False,True,False,False,False,False,False,False,False,False,True,False,False,True,False
ORD201199,2023-06-11,C57502,0.7492457523687547,1.035882588863538,201 Main St,TRK51116746,0.22577497083453502,1.4520911409740385,1.0776408438793126,6,2,2023,1,False,False,False,False,False,True,False,False,True,False,False,False,True,False,False,True,False,False,False,False,True
